[{
    "model": "admin.logentry",
    "pk": 1,
    "fields": {
        "action_time": "2023-10-29T17:48:14.120Z",
        "user": 1,
        "content_type": 7,
        "object_id": "1",
        "object_repr": "maxfitness.example.com",
        "action_flag": 2,
        "change_message": "[{\"changed\": {\"fields\": [\"Domain name\", \"Display name\"]}}]"
    }
}, {
    "model": "admin.logentry",
    "pk": 2,
    "fields": {
        "action_time": "2023-10-29T17:48:57.271Z",
        "user": 1,
        "content_type": 8,
        "object_id": "1",
        "object_repr": "maxfit@someemail.com",
        "action_flag": 1,
        "change_message": "[{\"added\": {}}]"
    }
}, {
    "model": "admin.logentry",
    "pk": 3,
    "fields": {
        "action_time": "2023-11-09T23:41:36.472Z",
        "user": 1,
        "content_type": 13,
        "object_id": "1",
        "object_repr": "new_arrivals",
        "action_flag": 1,
        "change_message": "[{\"added\": {}}]"
    }
}, {
    "model": "admin.logentry",
    "pk": 4,
    "fields": {
        "action_time": "2023-11-09T23:42:13.895Z",
        "user": 1,
        "content_type": 13,
        "object_id": "2",
        "object_repr": "essentials",
        "action_flag": 1,
        "change_message": "[{\"added\": {}}]"
    }
}, {
    "model": "admin.logentry",
    "pk": 5,
    "fields": {
        "action_time": "2023-11-09T23:43:02.175Z",
        "user": 1,
        "content_type": 13,
        "object_id": "3",
        "object_repr": "accesories",
        "action_flag": 1,
        "change_message": "[{\"added\": {}}]"
    }
}, {
    "model": "admin.logentry",
    "pk": 6,
    "fields": {
        "action_time": "2023-11-09T23:44:05.884Z",
        "user": 1,
        "content_type": 13,
        "object_id": "4",
        "object_repr": "leggings",
        "action_flag": 1,
        "change_message": "[{\"added\": {}}]"
    }
}, {
    "model": "admin.logentry",
    "pk": 7,
    "fields": {
        "action_time": "2023-11-09T23:50:30.071Z",
        "user": 1,
        "content_type": 14,
        "object_id": "1",
        "object_repr": "Black Leggings",
        "action_flag": 1,
        "change_message": "[{\"added\": {}}]"
    }
}, {
    "model": "admin.logentry",
    "pk": 8,
    "fields": {
        "action_time": "2023-11-10T17:37:10.574Z",
        "user": 1,
        "content_type": 14,
        "object_id": "2",
        "object_repr": "Absorber Active Multi Extreme Impact Sports Bra",
        "action_flag": 1,
        "change_message": "[{\"added\": {}}]"
    }
}, {
    "model": "admin.logentry",
    "pk": 9,
    "fields": {
        "action_time": "2023-11-10T17:37:25.200Z",
        "user": 1,
        "content_type": 14,
        "object_id": "2",
        "object_repr": "Absorber Active Multi Extreme Impact Sports Bra",
        "action_flag": 2,
        "change_message": "[]"
    }
}, {
    "model": "admin.logentry",
    "pk": 10,
    "fields": {
        "action_time": "2023-11-10T17:37:49.683Z",
        "user": 1,
        "content_type": 13,
        "object_id": "4",
        "object_repr": "leggings",
        "action_flag": 3,
        "change_message": ""
    }
}, {
    "model": "admin.logentry",
    "pk": 11,
    "fields": {
        "action_time": "2023-11-10T17:38:08.406Z",
        "user": 1,
        "content_type": 13,
        "object_id": "5",
        "object_repr": "equipment",
        "action_flag": 1,
        "change_message": "[{\"added\": {}}]"
    }
}, {
    "model": "admin.logentry",
    "pk": 12,
    "fields": {
        "action_time": "2023-11-10T17:38:24.823Z",
        "user": 1,
        "content_type": 13,
        "object_id": "6",
        "object_repr": "footwear",
        "action_flag": 1,
        "change_message": "[{\"added\": {}}]"
    }
}, {
    "model": "admin.logentry",
    "pk": 13,
    "fields": {
        "action_time": "2023-11-10T17:39:18.252Z",
        "user": 1,
        "content_type": 13,
        "object_id": "7",
        "object_repr": "shirts_t-shirts",
        "action_flag": 1,
        "change_message": "[{\"added\": {}}]"
    }
}, {
    "model": "admin.logentry",
    "pk": 14,
    "fields": {
        "action_time": "2023-11-10T17:39:33.680Z",
        "user": 1,
        "content_type": 14,
        "object_id": "1",
        "object_repr": "Black Leggings",
        "action_flag": 3,
        "change_message": ""
    }
}, {
    "model": "admin.logentry",
    "pk": 15,
    "fields": {
        "action_time": "2023-11-10T17:41:42.111Z",
        "user": 1,
        "content_type": 14,
        "object_id": "2",
        "object_repr": "Absorber Active Multi Extreme Impact Sports Bra",
        "action_flag": 2,
        "change_message": "[{\"changed\": {\"fields\": [\"Image\"]}}]"
    }
}, {
    "model": "admin.logentry",
    "pk": 16,
    "fields": {
        "action_time": "2023-11-10T17:42:58.206Z",
        "user": 1,
        "content_type": 14,
        "object_id": "2",
        "object_repr": "Under Armour Sport Bras UA HeatGear High",
        "action_flag": 2,
        "change_message": "[{\"changed\": {\"fields\": [\"Name\", \"Description\", \"Price\"]}}]"
    }
}, {
    "model": "admin.logentry",
    "pk": 17,
    "fields": {
        "action_time": "2023-11-10T17:45:47.392Z",
        "user": 1,
        "content_type": 14,
        "object_id": "3",
        "object_repr": "adidas Originals Ribbed Leggings",
        "action_flag": 1,
        "change_message": "[{\"added\": {}}]"
    }
}, {
    "model": "admin.logentry",
    "pk": 18,
    "fields": {
        "action_time": "2023-11-10T17:47:54.251Z",
        "user": 1,
        "content_type": 14,
        "object_id": "4",
        "object_repr": "adidas Originals Floral 3-Stripes Leggings",
        "action_flag": 1,
        "change_message": "[{\"added\": {}}]"
    }
}, {
    "model": "admin.logentry",
    "pk": 19,
    "fields": {
        "action_time": "2023-11-10T17:50:30.917Z",
        "user": 1,
        "content_type": 14,
        "object_id": "5",
        "object_repr": "Calvin Klein Underwear Modern Cotton Bikini Briefs",
        "action_flag": 1,
        "change_message": "[{\"added\": {}}]"
    }
}, {
    "model": "admin.logentry",
    "pk": 20,
    "fields": {
        "action_time": "2023-11-10T17:53:26.338Z",
        "user": 1,
        "content_type": 14,
        "object_id": "6",
        "object_repr": "Nike Free Metcon 5 Women's",
        "action_flag": 1,
        "change_message": "[{\"added\": {}}]"
    }
}, {
    "model": "admin.logentry",
    "pk": 21,
    "fields": {
        "action_time": "2023-11-10T17:54:56.131Z",
        "user": 1,
        "content_type": 14,
        "object_id": "7",
        "object_repr": "adidas Originals Gazelle Women's",
        "action_flag": 1,
        "change_message": "[{\"added\": {}}]"
    }
}, {
    "model": "admin.logentry",
    "pk": 22,
    "fields": {
        "action_time": "2023-11-10T17:56:24.804Z",
        "user": 1,
        "content_type": 14,
        "object_id": "8",
        "object_repr": "adidas Originals 3-Stripes Long Sleeve Slim T-Shirt",
        "action_flag": 1,
        "change_message": "[{\"added\": {}}]"
    }
}, {
    "model": "admin.logentry",
    "pk": 23,
    "fields": {
        "action_time": "2023-11-10T17:58:02.424Z",
        "user": 1,
        "content_type": 14,
        "object_id": "9",
        "object_repr": "adidas Originals Floral Firebird Track Top",
        "action_flag": 1,
        "change_message": "[{\"added\": {}}]"
    }
}, {
    "model": "admin.logentry",
    "pk": 24,
    "fields": {
        "action_time": "2023-11-10T18:00:46.562Z",
        "user": 1,
        "content_type": 14,
        "object_id": "10",
        "object_repr": "Jordan Essential T-Shirt",
        "action_flag": 1,
        "change_message": "[{\"added\": {}}]"
    }
}, {
    "model": "admin.logentry",
    "pk": 25,
    "fields": {
        "action_time": "2023-11-10T21:51:03.965Z",
        "user": 1,
        "content_type": 14,
        "object_id": "11",
        "object_repr": "JUICY COUTURE Velour Bucket Hat",
        "action_flag": 1,
        "change_message": "[{\"added\": {}}]"
    }
}, {
    "model": "admin.logentry",
    "pk": 26,
    "fields": {
        "action_time": "2023-11-10T21:55:29.802Z",
        "user": 1,
        "content_type": 14,
        "object_id": "12",
        "object_repr": "adidas Hybrid 100 Boxing Gloves",
        "action_flag": 1,
        "change_message": "[{\"added\": {}}]"
    }
}, {
    "model": "admin.logentry",
    "pk": 27,
    "fields": {
        "action_time": "2023-11-10T21:57:40.602Z",
        "user": 1,
        "content_type": 13,
        "object_id": "7",
        "object_repr": "tops",
        "action_flag": 2,
        "change_message": "[{\"changed\": {\"fields\": [\"Name\", \"Friendly name\"]}}]"
    }
}, {
    "model": "admin.logentry",
    "pk": 28,
    "fields": {
        "action_time": "2023-11-19T17:26:14.944Z",
        "user": 1,
        "content_type": 13,
        "object_id": "7",
        "object_repr": "women_tops",
        "action_flag": 2,
        "change_message": "[{\"changed\": {\"fields\": [\"Name\"]}}]"
    }
}, {
    "model": "admin.logentry",
    "pk": 29,
    "fields": {
        "action_time": "2023-11-19T17:26:26.691Z",
        "user": 1,
        "content_type": 13,
        "object_id": "8",
        "object_repr": "men_tops",
        "action_flag": 1,
        "change_message": "[{\"added\": {}}]"
    }
}, {
    "model": "admin.logentry",
    "pk": 30,
    "fields": {
        "action_time": "2023-11-19T17:26:53.774Z",
        "user": 1,
        "content_type": 13,
        "object_id": "6",
        "object_repr": "women_footwear",
        "action_flag": 2,
        "change_message": "[{\"changed\": {\"fields\": [\"Name\"]}}]"
    }
}, {
    "model": "admin.logentry",
    "pk": 31,
    "fields": {
        "action_time": "2023-11-19T17:27:06.296Z",
        "user": 1,
        "content_type": 13,
        "object_id": "9",
        "object_repr": "men_footwear",
        "action_flag": 1,
        "change_message": "[{\"added\": {}}]"
    }
}, {
    "model": "admin.logentry",
    "pk": 32,
    "fields": {
        "action_time": "2023-11-19T17:27:43.693Z",
        "user": 1,
        "content_type": 14,
        "object_id": "10",
        "object_repr": "Jordan Essential T-Shirt",
        "action_flag": 2,
        "change_message": "[{\"changed\": {\"fields\": [\"Category\"]}}]"
    }
}, {
    "model": "admin.logentry",
    "pk": 33,
    "fields": {
        "action_time": "2023-11-19T17:32:54.213Z",
        "user": 1,
        "content_type": 13,
        "object_id": "10",
        "object_repr": "bras",
        "action_flag": 1,
        "change_message": "[{\"added\": {}}]"
    }
}, {
    "model": "admin.logentry",
    "pk": 34,
    "fields": {
        "action_time": "2023-11-19T17:34:17.621Z",
        "user": 1,
        "content_type": 13,
        "object_id": "2",
        "object_repr": "women_essentials",
        "action_flag": 2,
        "change_message": "[{\"changed\": {\"fields\": [\"Name\", \"Friendly name\"]}}]"
    }
}, {
    "model": "admin.logentry",
    "pk": 35,
    "fields": {
        "action_time": "2023-11-19T17:34:42.499Z",
        "user": 1,
        "content_type": 13,
        "object_id": "11",
        "object_repr": "men_essentials",
        "action_flag": 1,
        "change_message": "[{\"added\": {}}]"
    }
}, {
    "model": "admin.logentry",
    "pk": 36,
    "fields": {
        "action_time": "2023-11-19T17:35:09.243Z",
        "user": 1,
        "content_type": 13,
        "object_id": "3",
        "object_repr": "women_accesories",
        "action_flag": 2,
        "change_message": "[{\"changed\": {\"fields\": [\"Name\"]}}]"
    }
}, {
    "model": "admin.logentry",
    "pk": 37,
    "fields": {
        "action_time": "2023-11-19T17:35:14.779Z",
        "user": 1,
        "content_type": 13,
        "object_id": "10",
        "object_repr": "bras",
        "action_flag": 3,
        "change_message": ""
    }
}, {
    "model": "admin.logentry",
    "pk": 38,
    "fields": {
        "action_time": "2023-11-19T17:36:42.219Z",
        "user": 1,
        "content_type": 13,
        "object_id": "5",
        "object_repr": "equipment",
        "action_flag": 3,
        "change_message": ""
    }
}, {
    "model": "admin.logentry",
    "pk": 39,
    "fields": {
        "action_time": "2023-11-19T17:38:05.916Z",
        "user": 1,
        "content_type": 13,
        "object_id": "12",
        "object_repr": "women_equipment",
        "action_flag": 1,
        "change_message": "[{\"added\": {}}]"
    }
}, {
    "model": "admin.logentry",
    "pk": 40,
    "fields": {
        "action_time": "2023-11-19T17:38:20.116Z",
        "user": 1,
        "content_type": 13,
        "object_id": "13",
        "object_repr": "men_equipment",
        "action_flag": 1,
        "change_message": "[{\"added\": {}}]"
    }
}, {
    "model": "admin.logentry",
    "pk": 41,
    "fields": {
        "action_time": "2023-11-19T17:40:20.621Z",
        "user": 1,
        "content_type": 14,
        "object_id": "12",
        "object_repr": "adidas Hybrid 100 Boxing Gloves",
        "action_flag": 2,
        "change_message": "[{\"changed\": {\"fields\": [\"Category\", \"Rating\"]}}]"
    }
}, {
    "model": "admin.logentry",
    "pk": 42,
    "fields": {
        "action_time": "2023-11-19T17:40:40.009Z",
        "user": 1,
        "content_type": 14,
        "object_id": "11",
        "object_repr": "JUICY COUTURE Velour Bucket Hat",
        "action_flag": 2,
        "change_message": "[{\"changed\": {\"fields\": [\"Rating\"]}}]"
    }
}, {
    "model": "admin.logentry",
    "pk": 43,
    "fields": {
        "action_time": "2023-11-19T17:40:47.796Z",
        "user": 1,
        "content_type": 14,
        "object_id": "11",
        "object_repr": "JUICY COUTURE Velour Bucket Hat",
        "action_flag": 2,
        "change_message": "[]"
    }
}, {
    "model": "admin.logentry",
    "pk": 44,
    "fields": {
        "action_time": "2023-11-19T17:40:55.202Z",
        "user": 1,
        "content_type": 14,
        "object_id": "5",
        "object_repr": "Calvin Klein Underwear Modern Cotton Bikini Briefs",
        "action_flag": 2,
        "change_message": "[]"
    }
}, {
    "model": "admin.logentry",
    "pk": 45,
    "fields": {
        "action_time": "2023-11-19T17:41:00.787Z",
        "user": 1,
        "content_type": 14,
        "object_id": "3",
        "object_repr": "adidas Originals Ribbed Leggings",
        "action_flag": 2,
        "change_message": "[]"
    }
}, {
    "model": "admin.logentry",
    "pk": 46,
    "fields": {
        "action_time": "2023-11-19T17:41:06.436Z",
        "user": 1,
        "content_type": 14,
        "object_id": "6",
        "object_repr": "Nike Free Metcon 5 Women's",
        "action_flag": 2,
        "change_message": "[]"
    }
}, {
    "model": "admin.logentry",
    "pk": 47,
    "fields": {
        "action_time": "2023-11-19T17:41:13.198Z",
        "user": 1,
        "content_type": 14,
        "object_id": "12",
        "object_repr": "adidas Hybrid 100 Boxing Gloves",
        "action_flag": 2,
        "change_message": "[]"
    }
}, {
    "model": "admin.logentry",
    "pk": 48,
    "fields": {
        "action_time": "2023-11-19T17:42:53.167Z",
        "user": 1,
        "content_type": 14,
        "object_id": "12",
        "object_repr": "adidas Hybrid 100 Boxing Gloves",
        "action_flag": 2,
        "change_message": "[]"
    }
}, {
    "model": "admin.logentry",
    "pk": 49,
    "fields": {
        "action_time": "2023-11-19T19:50:50.333Z",
        "user": 1,
        "content_type": 13,
        "object_id": "14",
        "object_repr": "men_new_arrivals",
        "action_flag": 1,
        "change_message": "[{\"added\": {}}]"
    }
}, {
    "model": "admin.logentry",
    "pk": 50,
    "fields": {
        "action_time": "2023-11-19T19:51:10.108Z",
        "user": 1,
        "content_type": 13,
        "object_id": "15",
        "object_repr": "women_new_arrivals",
        "action_flag": 1,
        "change_message": "[{\"added\": {}}]"
    }
}, {
    "model": "admin.logentry",
    "pk": 51,
    "fields": {
        "action_time": "2023-11-19T19:51:32.532Z",
        "user": 1,
        "content_type": 13,
        "object_id": "16",
        "object_repr": "men_clearance",
        "action_flag": 1,
        "change_message": "[{\"added\": {}}]"
    }
}, {
    "model": "admin.logentry",
    "pk": 52,
    "fields": {
        "action_time": "2023-11-19T19:51:46.959Z",
        "user": 1,
        "content_type": 13,
        "object_id": "17",
        "object_repr": "women_clearance",
        "action_flag": 1,
        "change_message": "[{\"added\": {}}]"
    }
}, {
    "model": "admin.logentry",
    "pk": 53,
    "fields": {
        "action_time": "2023-11-19T20:05:53.750Z",
        "user": 1,
        "content_type": 14,
        "object_id": "13",
        "object_repr": "Nike Alpha Trainer 5",
        "action_flag": 1,
        "change_message": "[{\"added\": {}}]"
    }
}, {
    "model": "admin.logentry",
    "pk": 54,
    "fields": {
        "action_time": "2023-11-19T20:06:03.842Z",
        "user": 1,
        "content_type": 14,
        "object_id": "13",
        "object_repr": "Nike Alpha Trainer 5",
        "action_flag": 2,
        "change_message": "[{\"changed\": {\"fields\": [\"Category\"]}}]"
    }
}, {
    "model": "admin.logentry",
    "pk": 55,
    "fields": {
        "action_time": "2023-11-19T20:07:30.065Z",
        "user": 1,
        "content_type": 14,
        "object_id": "14",
        "object_repr": "Nike React Pegasus Trail 4 GORE-TEX",
        "action_flag": 1,
        "change_message": "[{\"added\": {}}]"
    }
}, {
    "model": "admin.logentry",
    "pk": 56,
    "fields": {
        "action_time": "2023-11-19T20:09:50.033Z",
        "user": 1,
        "content_type": 14,
        "object_id": "15",
        "object_repr": "Nike Miler 1.0 T-Shirt",
        "action_flag": 1,
        "change_message": "[{\"added\": {}}]"
    }
}, {
    "model": "admin.logentry",
    "pk": 57,
    "fields": {
        "action_time": "2023-11-19T20:12:38.023Z",
        "user": 1,
        "content_type": 14,
        "object_id": "16",
        "object_repr": "Nike 3-Pack Trunks",
        "action_flag": 1,
        "change_message": "[{\"added\": {}}]"
    }
}, {
    "model": "admin.logentry",
    "pk": 58,
    "fields": {
        "action_time": "2023-11-19T20:14:13.657Z",
        "user": 1,
        "content_type": 14,
        "object_id": "17",
        "object_repr": "Fred Perry Twin Tipped Polo Shirt",
        "action_flag": 1,
        "change_message": "[{\"added\": {}}]"
    }
}, {
    "model": "admin.logentry",
    "pk": 59,
    "fields": {
        "action_time": "2023-11-19T20:16:20.773Z",
        "user": 1,
        "content_type": 14,
        "object_id": "18",
        "object_repr": "Nike 6-Pack Everyday Cushioned Training Crew Socks",
        "action_flag": 1,
        "change_message": "[{\"added\": {}}]"
    }
}, {
    "model": "admin.logentry",
    "pk": 60,
    "fields": {
        "action_time": "2023-11-19T20:18:06.700Z",
        "user": 1,
        "content_type": 14,
        "object_id": "19",
        "object_repr": "Under Armour Pants UA Stretch Woven Cargo Pants",
        "action_flag": 1,
        "change_message": "[{\"added\": {}}]"
    }
}, {
    "model": "admin.logentry",
    "pk": 61,
    "fields": {
        "action_time": "2023-11-19T20:20:38.513Z",
        "user": 1,
        "content_type": 14,
        "object_id": "20",
        "object_repr": "Nicce OG Tracksuit",
        "action_flag": 1,
        "change_message": "[{\"added\": {}}]"
    }
}, {
    "model": "admin.logentry",
    "pk": 62,
    "fields": {
        "action_time": "2023-11-19T20:21:59.872Z",
        "user": 1,
        "content_type": 14,
        "object_id": "21",
        "object_repr": "Nike Air Force 1 Low",
        "action_flag": 1,
        "change_message": "[{\"added\": {}}]"
    }
}, {
    "model": "admin.logentry",
    "pk": 63,
    "fields": {
        "action_time": "2023-11-19T20:23:49.101Z",
        "user": 1,
        "content_type": 14,
        "object_id": "22",
        "object_repr": "adidas Own the Run Leggings",
        "action_flag": 1,
        "change_message": "[{\"added\": {}}]"
    }
}, {
    "model": "admin.logentry",
    "pk": 64,
    "fields": {
        "action_time": "2023-11-19T20:25:59.727Z",
        "user": 1,
        "content_type": 14,
        "object_id": "23",
        "object_repr": "Nike 6-Pack Everyday Cushioned Ankle Socks",
        "action_flag": 1,
        "change_message": "[{\"added\": {}}]"
    }
}, {
    "model": "admin.logentry",
    "pk": 65,
    "fields": {
        "action_time": "2023-11-19T20:27:41.657Z",
        "user": 1,
        "content_type": 14,
        "object_id": "24",
        "object_repr": "adidas Originals 6 Pack Trefoil Crew Socks",
        "action_flag": 1,
        "change_message": "[{\"added\": {}}]"
    }
}, {
    "model": "admin.logentry",
    "pk": 66,
    "fields": {
        "action_time": "2023-11-19T20:29:57.549Z",
        "user": 1,
        "content_type": 14,
        "object_id": "25",
        "object_repr": "adidas Originals All Team",
        "action_flag": 1,
        "change_message": "[{\"added\": {}}]"
    }
}, {
    "model": "admin.logentry",
    "pk": 67,
    "fields": {
        "action_time": "2023-11-19T20:32:14.566Z",
        "user": 1,
        "content_type": 13,
        "object_id": "13",
        "object_repr": "men_equipment",
        "action_flag": 3,
        "change_message": ""
    }
}, {
    "model": "admin.logentry",
    "pk": 68,
    "fields": {
        "action_time": "2023-11-19T20:32:14.569Z",
        "user": 1,
        "content_type": 13,
        "object_id": "12",
        "object_repr": "women_equipment",
        "action_flag": 3,
        "change_message": ""
    }
}, {
    "model": "admin.logentry",
    "pk": 69,
    "fields": {
        "action_time": "2023-11-19T20:34:22.408Z",
        "user": 1,
        "content_type": 14,
        "object_id": "25",
        "object_repr": "adidas Originals All Team",
        "action_flag": 2,
        "change_message": "[{\"changed\": {\"fields\": [\"Category\"]}}]"
    }
}, {
    "model": "admin.logentry",
    "pk": 70,
    "fields": {
        "action_time": "2023-11-19T20:34:37.017Z",
        "user": 1,
        "content_type": 13,
        "object_id": "1",
        "object_repr": "new_arrivals",
        "action_flag": 3,
        "change_message": ""
    }
}, {
    "model": "admin.logentry",
    "pk": 71,
    "fields": {
        "action_time": "2023-11-19T20:35:02.917Z",
        "user": 1,
        "content_type": 13,
        "object_id": "11",
        "object_repr": "men_essentials",
        "action_flag": 2,
        "change_message": "[{\"changed\": {\"fields\": [\"Friendly name\"]}}]"
    }
}, {
    "model": "admin.logentry",
    "pk": 72,
    "fields": {
        "action_time": "2023-11-19T20:35:09.451Z",
        "user": 1,
        "content_type": 13,
        "object_id": "2",
        "object_repr": "women_essentials",
        "action_flag": 2,
        "change_message": "[{\"changed\": {\"fields\": [\"Friendly name\"]}}]"
    }
}, {
    "model": "admin.logentry",
    "pk": 73,
    "fields": {
        "action_time": "2023-11-19T20:36:46.064Z",
        "user": 1,
        "content_type": 13,
        "object_id": "18",
        "object_repr": "men_accesories",
        "action_flag": 1,
        "change_message": "[{\"added\": {}}]"
    }
}, {
    "model": "admin.logentry",
    "pk": 74,
    "fields": {
        "action_time": "2023-11-19T20:37:14.375Z",
        "user": 1,
        "content_type": 14,
        "object_id": "12",
        "object_repr": "adidas Hybrid 100 Boxing Gloves",
        "action_flag": 2,
        "change_message": "[{\"changed\": {\"fields\": [\"Category\"]}}]"
    }
}, {
    "model": "admin.logentry",
    "pk": 75,
    "fields": {
        "action_time": "2023-11-19T20:38:08.360Z",
        "user": 1,
        "content_type": 14,
        "object_id": "26",
        "object_repr": "Nike Knit Gloves",
        "action_flag": 1,
        "change_message": "[{\"added\": {}}]"
    }
}, {
    "model": "admin.logentry",
    "pk": 76,
    "fields": {
        "action_time": "2023-11-19T20:39:30.221Z",
        "user": 1,
        "content_type": 14,
        "object_id": "27",
        "object_repr": "Jordan Airborne Cross Body Bag",
        "action_flag": 1,
        "change_message": "[{\"added\": {}}]"
    }
}, {
    "model": "admin.logentry",
    "pk": 77,
    "fields": {
        "action_time": "2023-11-19T20:41:02.094Z",
        "user": 1,
        "content_type": 14,
        "object_id": "28",
        "object_repr": "CRUYFF Mosaic",
        "action_flag": 1,
        "change_message": "[{\"added\": {}}]"
    }
}, {
    "model": "admin.logentry",
    "pk": 78,
    "fields": {
        "action_time": "2023-11-19T20:43:18.726Z",
        "user": 1,
        "content_type": 14,
        "object_id": "29",
        "object_repr": "Nike Victori Slides",
        "action_flag": 1,
        "change_message": "[{\"added\": {}}]"
    }
}, {
    "model": "admin.logentry",
    "pk": 79,
    "fields": {
        "action_time": "2023-11-19T20:46:03.871Z",
        "user": 1,
        "content_type": 14,
        "object_id": "7",
        "object_repr": "adidas Originals Gazelle Women's",
        "action_flag": 2,
        "change_message": "[{\"changed\": {\"fields\": [\"Image\"]}}]"
    }
}, {
    "model": "admin.logentry",
    "pk": 80,
    "fields": {
        "action_time": "2023-11-19T20:47:07.166Z",
        "user": 1,
        "content_type": 14,
        "object_id": "6",
        "object_repr": "Nike Free Metcon 5 Women's",
        "action_flag": 2,
        "change_message": "[{\"changed\": {\"fields\": [\"Image\"]}}]"
    }
}, {
    "model": "admin.logentry",
    "pk": 81,
    "fields": {
        "action_time": "2023-11-19T20:48:09.864Z",
        "user": 1,
        "content_type": 14,
        "object_id": "13",
        "object_repr": "Nike Alpha Trainer 5",
        "action_flag": 2,
        "change_message": "[{\"changed\": {\"fields\": [\"Image\"]}}]"
    }
}, {
    "model": "admin.logentry",
    "pk": 82,
    "fields": {
        "action_time": "2023-11-19T20:48:39.720Z",
        "user": 1,
        "content_type": 14,
        "object_id": "14",
        "object_repr": "Nike React Pegasus Trail 4 GORE-TEX",
        "action_flag": 2,
        "change_message": "[{\"changed\": {\"fields\": [\"Image\"]}}]"
    }
}, {
    "model": "admin.logentry",
    "pk": 83,
    "fields": {
        "action_time": "2023-11-19T20:49:36.452Z",
        "user": 1,
        "content_type": 14,
        "object_id": "21",
        "object_repr": "Nike Air Force 1 Low",
        "action_flag": 2,
        "change_message": "[{\"changed\": {\"fields\": [\"Image\"]}}]"
    }
}, {
    "model": "admin.logentry",
    "pk": 84,
    "fields": {
        "action_time": "2023-11-19T20:50:06.072Z",
        "user": 1,
        "content_type": 14,
        "object_id": "25",
        "object_repr": "adidas Originals All Team",
        "action_flag": 2,
        "change_message": "[{\"changed\": {\"fields\": [\"Image\"]}}]"
    }
}, {
    "model": "admin.logentry",
    "pk": 85,
    "fields": {
        "action_time": "2023-11-19T20:50:35.116Z",
        "user": 1,
        "content_type": 14,
        "object_id": "28",
        "object_repr": "CRUYFF Mosaic",
        "action_flag": 2,
        "change_message": "[{\"changed\": {\"fields\": [\"Image\"]}}]"
    }
}, {
    "model": "admin.logentry",
    "pk": 86,
    "fields": {
        "action_time": "2023-11-19T20:52:41.021Z",
        "user": 1,
        "content_type": 14,
        "object_id": "30",
        "object_repr": "adidas Originals 3-Pack Crew Socks",
        "action_flag": 1,
        "change_message": "[{\"added\": {}}]"
    }
}, {
    "model": "admin.logentry",
    "pk": 87,
    "fields": {
        "action_time": "2023-11-19T20:54:54.677Z",
        "user": 1,
        "content_type": 14,
        "object_id": "31",
        "object_repr": "Nike Everyday Plus Cushioned Crew Socks (3-Pack)",
        "action_flag": 1,
        "change_message": "[{\"added\": {}}]"
    }
}, {
    "model": "admin.logentry",
    "pk": 88,
    "fields": {
        "action_time": "2023-11-19T21:00:14.382Z",
        "user": 1,
        "content_type": 14,
        "object_id": "32",
        "object_repr": "Nike Strike 1/4 Zip Drill Top",
        "action_flag": 1,
        "change_message": "[{\"added\": {}}]"
    }
}, {
    "model": "admin.logentry",
    "pk": 89,
    "fields": {
        "action_time": "2023-11-19T21:00:32.057Z",
        "user": 1,
        "content_type": 14,
        "object_id": "32",
        "object_repr": "Nike Strike 1/4 Zip Drill Top",
        "action_flag": 2,
        "change_message": "[{\"changed\": {\"fields\": [\"Category\"]}}]"
    }
}, {
    "model": "admin.logentry",
    "pk": 90,
    "fields": {
        "action_time": "2023-11-19T21:02:40.708Z",
        "user": 1,
        "content_type": 14,
        "object_id": "33",
        "object_repr": "Jordan Air 1 Elevate High Women's",
        "action_flag": 1,
        "change_message": "[{\"added\": {}}]"
    }
}, {
    "model": "admin.logentry",
    "pk": 91,
    "fields": {
        "action_time": "2023-11-19T21:04:07.563Z",
        "user": 1,
        "content_type": 14,
        "object_id": "34",
        "object_repr": "Nike Air Force 1 Shadow Women's",
        "action_flag": 1,
        "change_message": "[{\"added\": {}}]"
    }
}, {
    "model": "admin.logentry",
    "pk": 92,
    "fields": {
        "action_time": "2023-11-19T21:05:30.280Z",
        "user": 1,
        "content_type": 14,
        "object_id": "35",
        "object_repr": "adidas Originals Gazelle Bold Women's",
        "action_flag": 1,
        "change_message": "[{\"added\": {}}]"
    }
}, {
    "model": "admin.logentry",
    "pk": 93,
    "fields": {
        "action_time": "2023-11-19T21:07:42.783Z",
        "user": 1,
        "content_type": 14,
        "object_id": "36",
        "object_repr": "Nike Free Run Next Nature Women's",
        "action_flag": 1,
        "change_message": "[{\"added\": {}}]"
    }
}, {
    "model": "admin.logentry",
    "pk": 94,
    "fields": {
        "action_time": "2023-11-19T21:10:44.601Z",
        "user": 1,
        "content_type": 14,
        "object_id": "37",
        "object_repr": "Under Armour UA Tech Twist 1/2 Zip Top",
        "action_flag": 1,
        "change_message": "[{\"added\": {}}]"
    }
}, {
    "model": "admin.logentry",
    "pk": 95,
    "fields": {
        "action_time": "2023-11-19T21:13:34.320Z",
        "user": 1,
        "content_type": 14,
        "object_id": "38",
        "object_repr": "Nike Club Futura Cap",
        "action_flag": 1,
        "change_message": "[{\"added\": {}}]"
    }
}, {
    "model": "admin.logentry",
    "pk": 96,
    "fields": {
        "action_time": "2023-11-19T21:15:32.877Z",
        "user": 1,
        "content_type": 14,
        "object_id": "39",
        "object_repr": "Nike Running Headband & Gloves Set",
        "action_flag": 1,
        "change_message": "[{\"added\": {}}]"
    }
}, {
    "model": "admin.logentry",
    "pk": 97,
    "fields": {
        "action_time": "2023-11-19T21:16:47.919Z",
        "user": 1,
        "content_type": 14,
        "object_id": "40",
        "object_repr": "UGG Sheepskin Gloves",
        "action_flag": 1,
        "change_message": "[{\"added\": {}}]"
    }
}, {
    "model": "admin.logentry",
    "pk": 98,
    "fields": {
        "action_time": "2023-11-19T21:20:12.326Z",
        "user": 1,
        "content_type": 14,
        "object_id": "41",
        "object_repr": "The North Face Logo Box Cuffed Beanie",
        "action_flag": 1,
        "change_message": "[{\"added\": {}}]"
    }
}, {
    "model": "admin.logentry",
    "pk": 99,
    "fields": {
        "action_time": "2023-11-19T21:20:53.853Z",
        "user": 1,
        "content_type": 14,
        "object_id": "42",
        "object_repr": "The North Face Logo Box Cuffed Beanie",
        "action_flag": 1,
        "change_message": "[{\"added\": {}}]"
    }
}, {
    "model": "admin.logentry",
    "pk": 100,
    "fields": {
        "action_time": "2023-11-19T21:23:26.199Z",
        "user": 1,
        "content_type": 14,
        "object_id": "43",
        "object_repr": "Under Armour Play Up Shorts",
        "action_flag": 1,
        "change_message": "[{\"added\": {}}]"
    }
}, {
    "model": "admin.logentry",
    "pk": 101,
    "fields": {
        "action_time": "2023-11-19T21:26:12.400Z",
        "user": 1,
        "content_type": 14,
        "object_id": "44",
        "object_repr": "adidas Originals Ribbed Cycle Shorts",
        "action_flag": 1,
        "change_message": "[{\"added\": {}}]"
    }
}, {
    "model": "admin.logentry",
    "pk": 102,
    "fields": {
        "action_time": "2023-11-19T21:28:58.803Z",
        "user": 1,
        "content_type": 14,
        "object_id": "45",
        "object_repr": "Under Armour Fly By 2.0 Short",
        "action_flag": 1,
        "change_message": "[{\"added\": {}}]"
    }
}, {
    "model": "admin.logentry",
    "pk": 103,
    "fields": {
        "action_time": "2023-11-19T21:31:14.577Z",
        "user": 1,
        "content_type": 14,
        "object_id": "46",
        "object_repr": "Nike Training One 3\" Shorts",
        "action_flag": 1,
        "change_message": "[{\"added\": {}}]"
    }
}, {
    "model": "admin.logentry",
    "pk": 104,
    "fields": {
        "action_time": "2023-11-19T21:33:42.321Z",
        "user": 1,
        "content_type": 14,
        "object_id": "44",
        "object_repr": "adidas Originals Ribbed Cycle Shorts",
        "action_flag": 2,
        "change_message": "[{\"changed\": {\"fields\": [\"Category\", \"Price\"]}}]"
    }
}, {
    "model": "admin.logentry",
    "pk": 105,
    "fields": {
        "action_time": "2023-11-19T21:34:11.281Z",
        "user": 1,
        "content_type": 14,
        "object_id": "46",
        "object_repr": "Nike Training One 3\" Shorts",
        "action_flag": 2,
        "change_message": "[]"
    }
}, {
    "model": "admin.logentry",
    "pk": 106,
    "fields": {
        "action_time": "2023-11-19T21:35:48.069Z",
        "user": 1,
        "content_type": 14,
        "object_id": "43",
        "object_repr": "Under Armour Play Up Shorts",
        "action_flag": 2,
        "change_message": "[{\"changed\": {\"fields\": [\"Category\"]}}]"
    }
}, {
    "model": "admin.logentry",
    "pk": 107,
    "fields": {
        "action_time": "2023-11-19T21:37:19.441Z",
        "user": 1,
        "content_type": 14,
        "object_id": "47",
        "object_repr": "Emporio Armani EA7 Overhead Hoodie Tape Tracksuit",
        "action_flag": 1,
        "change_message": "[{\"added\": {}}]"
    }
}, {
    "model": "admin.logentry",
    "pk": 108,
    "fields": {
        "action_time": "2023-11-19T21:37:41.642Z",
        "user": 1,
        "content_type": 14,
        "object_id": "47",
        "object_repr": "Emporio Armani EA7 Overhead Hoodie Tape Tracksuit",
        "action_flag": 2,
        "change_message": "[]"
    }
}, {
    "model": "admin.logentry",
    "pk": 109,
    "fields": {
        "action_time": "2023-11-19T21:37:57.110Z",
        "user": 1,
        "content_type": 14,
        "object_id": "47",
        "object_repr": "Emporio Armani EA7 Overhead Hoodie Tape Tracksuit",
        "action_flag": 2,
        "change_message": "[{\"changed\": {\"fields\": [\"Category\"]}}]"
    }
}, {
    "model": "admin.logentry",
    "pk": 110,
    "fields": {
        "action_time": "2023-11-19T21:39:40.466Z",
        "user": 1,
        "content_type": 14,
        "object_id": "48",
        "object_repr": "The North Face Logo Padded Gilet",
        "action_flag": 1,
        "change_message": "[{\"added\": {}}]"
    }
}, {
    "model": "admin.logentry",
    "pk": 111,
    "fields": {
        "action_time": "2023-11-19T21:45:06.507Z",
        "user": 1,
        "content_type": 14,
        "object_id": "49",
        "object_repr": "Nike Training Pro Shine Tank Top",
        "action_flag": 1,
        "change_message": "[{\"added\": {}}]"
    }
}, {
    "model": "admin.logentry",
    "pk": 112,
    "fields": {
        "action_time": "2023-11-19T21:46:04.721Z",
        "user": 1,
        "content_type": 14,
        "object_id": "50",
        "object_repr": "Nike Training Pro Shine Tank Top",
        "action_flag": 1,
        "change_message": "[{\"added\": {}}]"
    }
}, {
    "model": "admin.logentry",
    "pk": 113,
    "fields": {
        "action_time": "2023-11-19T21:48:11.592Z",
        "user": 1,
        "content_type": 14,
        "object_id": "51",
        "object_repr": "Vans Knu Skool Women's",
        "action_flag": 1,
        "change_message": "[{\"added\": {}}]"
    }
}, {
    "model": "admin.logentry",
    "pk": 114,
    "fields": {
        "action_time": "2023-11-19T21:51:45.733Z",
        "user": 1,
        "content_type": 14,
        "object_id": "52",
        "object_repr": "Nike Academy T-Shirt",
        "action_flag": 1,
        "change_message": "[{\"added\": {}}]"
    }
}, {
    "model": "admin.logentry",
    "pk": 115,
    "fields": {
        "action_time": "2023-11-19T21:53:31.008Z",
        "user": 1,
        "content_type": 14,
        "object_id": "53",
        "object_repr": "PE Nation Jump Colour Block Tights",
        "action_flag": 1,
        "change_message": "[{\"added\": {}}]"
    }
}, {
    "model": "admin.logentry",
    "pk": 116,
    "fields": {
        "action_time": "2023-11-19T21:56:05.133Z",
        "user": 1,
        "content_type": 14,
        "object_id": "54",
        "object_repr": "adidas Badge of Sport 3-Stripes Tracksuit",
        "action_flag": 1,
        "change_message": "[{\"added\": {}}]"
    }
}, {
    "model": "admin.logentry",
    "pk": 117,
    "fields": {
        "action_time": "2023-11-19T21:57:18.406Z",
        "user": 1,
        "content_type": 14,
        "object_id": "55",
        "object_repr": "Fred Perry Twin Tipped Half Zip Sweatshirt",
        "action_flag": 1,
        "change_message": "[{\"added\": {}}]"
    }
}, {
    "model": "admin.logentry",
    "pk": 118,
    "fields": {
        "action_time": "2023-11-19T21:58:43.071Z",
        "user": 1,
        "content_type": 14,
        "object_id": "56",
        "object_repr": "New Balance Polar 1/4 Zip Fleece",
        "action_flag": 1,
        "change_message": "[{\"added\": {}}]"
    }
}, {
    "model": "admin.logentry",
    "pk": 119,
    "fields": {
        "action_time": "2023-11-19T22:02:51.746Z",
        "user": 1,
        "content_type": 14,
        "object_id": "57",
        "object_repr": "adidas Energize Overhead Hoodie",
        "action_flag": 1,
        "change_message": "[{\"added\": {}}]"
    }
}, {
    "model": "admin.logentry",
    "pk": 120,
    "fields": {
        "action_time": "2023-11-19T22:03:44.965Z",
        "user": 1,
        "content_type": 14,
        "object_id": "58",
        "object_repr": "Nike Air Max 1/4 Zip Fleece Hoodie",
        "action_flag": 1,
        "change_message": "[{\"added\": {}}]"
    }
}, {
    "model": "admin.logentry",
    "pk": 121,
    "fields": {
        "action_time": "2023-11-19T22:06:32.519Z",
        "user": 1,
        "content_type": 14,
        "object_id": "59",
        "object_repr": "Nike Core T-Shirt",
        "action_flag": 1,
        "change_message": "[{\"added\": {}}]"
    }
}, {
    "model": "admin.logentry",
    "pk": 122,
    "fields": {
        "action_time": "2023-11-19T22:08:06.997Z",
        "user": 1,
        "content_type": 14,
        "object_id": "60",
        "object_repr": "Nike Miler 1.0 T-Shirt",
        "action_flag": 1,
        "change_message": "[{\"added\": {}}]"
    }
}, {
    "model": "admin.logentry",
    "pk": 123,
    "fields": {
        "action_time": "2023-11-19T22:10:58.454Z",
        "user": 1,
        "content_type": 14,
        "object_id": "61",
        "object_repr": "Nike 3-Pack Trunks",
        "action_flag": 1,
        "change_message": "[{\"added\": {}}]"
    }
}, {
    "model": "admin.logentry",
    "pk": 124,
    "fields": {
        "action_time": "2023-11-19T22:11:53.673Z",
        "user": 1,
        "content_type": 14,
        "object_id": "60",
        "object_repr": "Nike Miler 1.0 T-Shirt",
        "action_flag": 2,
        "change_message": "[{\"changed\": {\"fields\": [\"Category\"]}}]"
    }
}, {
    "model": "admin.logentry",
    "pk": 125,
    "fields": {
        "action_time": "2023-11-19T22:12:14.014Z",
        "user": 1,
        "content_type": 14,
        "object_id": "60",
        "object_repr": "Nike Miler 1.0 T-Shirt",
        "action_flag": 2,
        "change_message": "[{\"changed\": {\"fields\": [\"Category\"]}}]"
    }
}, {
    "model": "admin.logentry",
    "pk": 126,
    "fields": {
        "action_time": "2023-11-19T22:12:27.942Z",
        "user": 1,
        "content_type": 14,
        "object_id": "15",
        "object_repr": "Nike Miler 1.0 T-Shirt",
        "action_flag": 2,
        "change_message": "[{\"changed\": {\"fields\": [\"Category\"]}}]"
    }
}, {
    "model": "admin.logentry",
    "pk": 127,
    "fields": {
        "action_time": "2023-11-19T22:14:02.604Z",
        "user": 1,
        "content_type": 14,
        "object_id": "15",
        "object_repr": "Nike Miler 1.0 T-Shirt",
        "action_flag": 2,
        "change_message": "[{\"changed\": {\"fields\": [\"Category\"]}}]"
    }
}, {
    "model": "admin.logentry",
    "pk": 128,
    "fields": {
        "action_time": "2023-11-20T00:02:45.594Z",
        "user": 1,
        "content_type": 14,
        "object_id": "62",
        "object_repr": "adidas Badge of Sport Backpack",
        "action_flag": 1,
        "change_message": "[{\"added\": {}}]"
    }
}, {
    "model": "admin.logentry",
    "pk": 129,
    "fields": {
        "action_time": "2023-11-20T00:04:06.913Z",
        "user": 1,
        "content_type": 14,
        "object_id": "63",
        "object_repr": "Nike F.C. Neck Warmer Snood",
        "action_flag": 1,
        "change_message": "[{\"added\": {}}]"
    }
}, {
    "model": "admin.logentry",
    "pk": 130,
    "fields": {
        "action_time": "2023-11-20T00:06:06.812Z",
        "user": 1,
        "content_type": 14,
        "object_id": "64",
        "object_repr": "Nike Brasilia Bag",
        "action_flag": 1,
        "change_message": "[{\"added\": {}}]"
    }
}, {
    "model": "admin.logentry",
    "pk": 131,
    "fields": {
        "action_time": "2023-11-20T00:08:10.962Z",
        "user": 1,
        "content_type": 14,
        "object_id": "65",
        "object_repr": "Nike Air Max 95",
        "action_flag": 1,
        "change_message": "[{\"added\": {}}]"
    }
}, {
    "model": "admin.logentry",
    "pk": 132,
    "fields": {
        "action_time": "2023-11-20T00:09:53.570Z",
        "user": 1,
        "content_type": 14,
        "object_id": "66",
        "object_repr": "adidas Originals AS 520",
        "action_flag": 1,
        "change_message": "[{\"added\": {}}]"
    }
}, {
    "model": "admin.logentry",
    "pk": 133,
    "fields": {
        "action_time": "2023-11-20T00:24:11.844Z",
        "user": 1,
        "content_type": 14,
        "object_id": "67",
        "object_repr": "Nike Air Max Track Pants",
        "action_flag": 1,
        "change_message": "[{\"added\": {}}]"
    }
}, {
    "model": "admin.logentry",
    "pk": 134,
    "fields": {
        "action_time": "2023-11-20T00:25:39.254Z",
        "user": 1,
        "content_type": 14,
        "object_id": "68",
        "object_repr": "HUGO Erato Overshirt",
        "action_flag": 1,
        "change_message": "[{\"added\": {}}]"
    }
}, {
    "model": "admin.logentry",
    "pk": 135,
    "fields": {
        "action_time": "2023-11-20T00:28:57.698Z",
        "user": 1,
        "content_type": 14,
        "object_id": "69",
        "object_repr": "Nike Just Do It Fuel Jug 64oz",
        "action_flag": 1,
        "change_message": "[{\"added\": {}}]"
    }
}, {
    "model": "admin.logentry",
    "pk": 136,
    "fields": {
        "action_time": "2023-11-20T00:31:30.975Z",
        "user": 1,
        "content_type": 14,
        "object_id": "70",
        "object_repr": "Nike Big Mouth Water Bottle 22oz",
        "action_flag": 1,
        "change_message": "[{\"added\": {}}]"
    }
}, {
    "model": "admin.logentry",
    "pk": 137,
    "fields": {
        "action_time": "2023-11-20T00:35:27.089Z",
        "user": 1,
        "content_type": 14,
        "object_id": "71",
        "object_repr": "adidas Manchester United FC 2023 Water Bottle",
        "action_flag": 1,
        "change_message": "[{\"added\": {}}]"
    }
}, {
    "model": "admin.logentry",
    "pk": 138,
    "fields": {
        "action_time": "2023-11-20T00:37:17.533Z",
        "user": 1,
        "content_type": 14,
        "object_id": "72",
        "object_repr": "adidas Hybrid 100 Boxing Gloves",
        "action_flag": 1,
        "change_message": "[{\"added\": {}}]"
    }
}, {
    "model": "admin.logentry",
    "pk": 139,
    "fields": {
        "action_time": "2023-11-20T00:38:52.291Z",
        "user": 1,
        "content_type": 14,
        "object_id": "73",
        "object_repr": "adidas Real Madrid CF 2023 Water Bottle",
        "action_flag": 1,
        "change_message": "[{\"added\": {}}]"
    }
}, {
    "model": "admin.logentry",
    "pk": 140,
    "fields": {
        "action_time": "2023-11-20T00:43:39.649Z",
        "user": 1,
        "content_type": 14,
        "object_id": "74",
        "object_repr": "Nike Academy Tracksuit",
        "action_flag": 1,
        "change_message": "[{\"added\": {}}]"
    }
}, {
    "model": "admin.logentry",
    "pk": 141,
    "fields": {
        "action_time": "2023-11-20T00:45:07.718Z",
        "user": 1,
        "content_type": 14,
        "object_id": "75",
        "object_repr": "adidas 3-Stripes Essential Tracksuit",
        "action_flag": 1,
        "change_message": "[{\"added\": {}}]"
    }
}, {
    "model": "admin.logentry",
    "pk": 142,
    "fields": {
        "action_time": "2023-11-20T14:38:56.864Z",
        "user": 1,
        "content_type": 14,
        "object_id": "71",
        "object_repr": "adidas Manchester United FC 2023 Water Bottle",
        "action_flag": 2,
        "change_message": "[{\"changed\": {\"fields\": [\"Has sizes\"]}}]"
    }
}, {
    "model": "admin.logentry",
    "pk": 143,
    "fields": {
        "action_time": "2023-11-20T14:39:38.924Z",
        "user": 1,
        "content_type": 14,
        "object_id": "27",
        "object_repr": "Jordan Airborne Cross Body Bag",
        "action_flag": 2,
        "change_message": "[{\"changed\": {\"fields\": [\"Has sizes\"]}}]"
    }
}, {
    "model": "admin.logentry",
    "pk": 144,
    "fields": {
        "action_time": "2023-11-20T14:40:20.167Z",
        "user": 1,
        "content_type": 14,
        "object_id": "62",
        "object_repr": "adidas Badge of Sport Backpack",
        "action_flag": 2,
        "change_message": "[{\"changed\": {\"fields\": [\"Has sizes\"]}}]"
    }
}, {
    "model": "admin.logentry",
    "pk": 145,
    "fields": {
        "action_time": "2023-11-20T14:40:38.571Z",
        "user": 1,
        "content_type": 14,
        "object_id": "64",
        "object_repr": "Nike Brasilia Bag",
        "action_flag": 2,
        "change_message": "[{\"changed\": {\"fields\": [\"Has sizes\"]}}]"
    }
}, {
    "model": "admin.logentry",
    "pk": 146,
    "fields": {
        "action_time": "2023-11-20T14:40:52.085Z",
        "user": 1,
        "content_type": 14,
        "object_id": "63",
        "object_repr": "Nike F.C. Neck Warmer Snood",
        "action_flag": 2,
        "change_message": "[{\"changed\": {\"fields\": [\"Has sizes\"]}}]"
    }
}, {
    "model": "admin.logentry",
    "pk": 147,
    "fields": {
        "action_time": "2023-11-20T14:41:14.215Z",
        "user": 1,
        "content_type": 14,
        "object_id": "73",
        "object_repr": "adidas Real Madrid CF 2023 Water Bottle",
        "action_flag": 2,
        "change_message": "[{\"changed\": {\"fields\": [\"Has sizes\"]}}]"
    }
}, {
    "model": "admin.logentry",
    "pk": 148,
    "fields": {
        "action_time": "2023-11-20T14:42:03.514Z",
        "user": 1,
        "content_type": 14,
        "object_id": "69",
        "object_repr": "Nike Just Do It Fuel Jug 64oz",
        "action_flag": 2,
        "change_message": "[{\"changed\": {\"fields\": [\"Has sizes\"]}}]"
    }
}, {
    "model": "admin.logentry",
    "pk": 149,
    "fields": {
        "action_time": "2023-11-20T14:42:14.768Z",
        "user": 1,
        "content_type": 14,
        "object_id": "70",
        "object_repr": "Nike Big Mouth Water Bottle 22oz",
        "action_flag": 2,
        "change_message": "[{\"changed\": {\"fields\": [\"Has sizes\"]}}]"
    }
}, {
    "model": "admin.logentry",
    "pk": 150,
    "fields": {
        "action_time": "2023-11-23T00:21:56.255Z",
        "user": 1,
        "content_type": 7,
        "object_id": "1",
        "object_repr": "sportstylehub.com",
        "action_flag": 2,
        "change_message": "[{\"changed\": {\"fields\": [\"Domain name\", \"Display name\"]}}]"
    }
}, {
    "model": "admin.logentry",
    "pk": 151,
    "fields": {
        "action_time": "2023-11-23T00:22:13.444Z",
        "user": 1,
        "content_type": 8,
        "object_id": "1",
        "object_repr": "maxfit@someemail.com",
        "action_flag": 3,
        "change_message": ""
    }
}, {
    "model": "admin.logentry",
    "pk": 152,
    "fields": {
        "action_time": "2023-11-23T00:22:53.128Z",
        "user": 1,
        "content_type": 8,
        "object_id": "2",
        "object_repr": "sportstylehub@someemail.com",
        "action_flag": 1,
        "change_message": "[{\"added\": {}}]"
    }
}, {
    "model": "admin.logentry",
    "pk": 153,
    "fields": {
        "action_time": "2023-11-23T22:40:25.485Z",
        "user": 1,
        "content_type": 15,
        "object_id": "2",
        "object_repr": "4A101291D4B248E9BFC755846FE08370",
        "action_flag": 2,
        "change_message": "[{\"deleted\": {\"name\": \"order line item\", \"object\": \"OrderLineItem object (None)\"}}]"
    }
}, {
    "model": "admin.logentry",
    "pk": 154,
    "fields": {
        "action_time": "2023-11-23T22:40:36.453Z",
        "user": 1,
        "content_type": 15,
        "object_id": "2",
        "object_repr": "4A101291D4B248E9BFC755846FE08370",
        "action_flag": 3,
        "change_message": ""
    }
}, {
    "model": "admin.logentry",
    "pk": 155,
    "fields": {
        "action_time": "2023-11-23T22:40:36.455Z",
        "user": 1,
        "content_type": 15,
        "object_id": "1",
        "object_repr": "99D6955DEDA04695B2CF9CB511FED77D",
        "action_flag": 3,
        "change_message": ""
    }
}, {
    "model": "admin.logentry",
    "pk": 156,
    "fields": {
        "action_time": "2023-11-24T21:51:11.692Z",
        "user": 1,
        "content_type": 8,
        "object_id": "5",
        "object_repr": "mkloskowicz@yahoo.com",
        "action_flag": 3,
        "change_message": ""
    }
}, {
    "model": "admin.logentry",
    "pk": 157,
    "fields": {
        "action_time": "2023-11-24T21:51:11.694Z",
        "user": 1,
        "content_type": 8,
        "object_id": "4",
        "object_repr": "test@test.com",
        "action_flag": 3,
        "change_message": ""
    }
}, {
    "model": "admin.logentry",
    "pk": 158,
    "fields": {
        "action_time": "2023-11-24T21:51:11.696Z",
        "user": 1,
        "content_type": 8,
        "object_id": "3",
        "object_repr": "maxfit@someemail.com",
        "action_flag": 3,
        "change_message": ""
    }
}, {
    "model": "admin.logentry",
    "pk": 159,
    "fields": {
        "action_time": "2023-11-24T21:53:50.803Z",
        "user": 1,
        "content_type": 8,
        "object_id": "6",
        "object_repr": "maxfit@someemail.com",
        "action_flag": 1,
        "change_message": "[{\"added\": {}}]"
    }
}, {
    "model": "admin.logentry",
    "pk": 160,
    "fields": {
        "action_time": "2023-11-24T21:54:03.593Z",
        "user": 1,
        "content_type": 8,
        "object_id": "2",
        "object_repr": "sportstylehub@someemail.com",
        "action_flag": 3,
        "change_message": ""
    }
}, {
    "model": "admin.logentry",
    "pk": 161,
    "fields": {
        "action_time": "2023-11-25T18:42:52.115Z",
        "user": 1,
        "content_type": 8,
        "object_id": "9",
        "object_repr": "test2@test2.com",
        "action_flag": 3,
        "change_message": ""
    }
}, {
    "model": "admin.logentry",
    "pk": 162,
    "fields": {
        "action_time": "2023-11-25T18:42:52.117Z",
        "user": 1,
        "content_type": 8,
        "object_id": "8",
        "object_repr": "john.rearden@codeinstitute.net",
        "action_flag": 3,
        "change_message": ""
    }
}, {
    "model": "admin.logentry",
    "pk": 163,
    "fields": {
        "action_time": "2023-11-25T18:42:52.118Z",
        "user": 1,
        "content_type": 8,
        "object_id": "7",
        "object_repr": "john@john.com",
        "action_flag": 3,
        "change_message": ""
    }
}, {
    "model": "admin.logentry",
    "pk": 164,
    "fields": {
        "action_time": "2023-11-26T19:37:47.341Z",
        "user": 1,
        "content_type": 8,
        "object_id": "10",
        "object_repr": "kloskowicz@yahoo.com",
        "action_flag": 3,
        "change_message": ""
    }
}, {
    "model": "auth.user",
    "pk": 1,
    "fields": {
        "password": "pbkdf2_sha256$260000$Lv1t0k8KZbxSUpY0DFQk7V$lI21UPc2/UcHbkiwqCn1ThTfLpWi2Stdi2qcTUDOVhM=",
        "last_login": "2023-11-26T19:36:01.925Z",
        "is_superuser": true,
        "username": "maxfitness",
        "first_name": "",
        "last_name": "",
        "email": "maxfit@someemail.com",
        "is_staff": true,
        "is_active": true,
        "date_joined": "2023-10-29T17:17:57.030Z",
        "groups": [],
        "user_permissions": []
    }
}, {
    "model": "auth.user",
    "pk": 2,
    "fields": {
        "password": "pbkdf2_sha256$260000$sPLFtr4FQ1qsb6s86ssFSb$qHd9wHSKIjbMvn6/HOih5AyFcGqweKy6zmddZHb0C0M=",
        "last_login": null,
        "is_superuser": false,
        "username": "testtest",
        "first_name": "",
        "last_name": "",
        "email": "test@test.com",
        "is_staff": false,
        "is_active": true,
        "date_joined": "2023-11-24T18:06:03.212Z",
        "groups": [],
        "user_permissions": []
    }
}, {
    "model": "auth.user",
    "pk": 3,
    "fields": {
        "password": "pbkdf2_sha256$260000$v5O4TxOWyg03iFFKwgaGv9$Wa4XyNw+7VQvfy3q2MKYKUVPYeXjQXxCMzMdjNcfRNo=",
        "last_login": "2023-11-24T18:32:40.944Z",
        "is_superuser": false,
        "username": "magzdev",
        "first_name": "",
        "last_name": "",
        "email": "mkloskowicz@yahoo.com",
        "is_staff": false,
        "is_active": true,
        "date_joined": "2023-11-24T18:32:13.527Z",
        "groups": [],
        "user_permissions": []
    }
}, {
    "model": "auth.user",
    "pk": 4,
    "fields": {
        "password": "pbkdf2_sha256$260000$kHuaeUJekyUVrtfcKZOeIa$vURcDCbKOzTxH63p0qNSL9id8JspYGO4udxzPQsQZJI=",
        "last_login": null,
        "is_superuser": false,
        "username": "john",
        "first_name": "",
        "last_name": "",
        "email": "john@john.com",
        "is_staff": false,
        "is_active": true,
        "date_joined": "2023-11-25T16:00:18.738Z",
        "groups": [],
        "user_permissions": []
    }
}, {
    "model": "auth.user",
    "pk": 5,
    "fields": {
        "password": "pbkdf2_sha256$260000$RvGEse0qSYp1sICrxEkFmD$9zgoCCC8PYmzVPN9Yng/wBynMB2rs4JRsPDbyCzCw5M=",
        "last_login": null,
        "is_superuser": false,
        "username": "johnny",
        "first_name": "",
        "last_name": "",
        "email": "john.rearden@codeinstitute.net",
        "is_staff": false,
        "is_active": true,
        "date_joined": "2023-11-25T16:12:47.889Z",
        "groups": [],
        "user_permissions": []
    }
}, {
    "model": "auth.user",
    "pk": 6,
    "fields": {
        "password": "pbkdf2_sha256$260000$e70Ax7HIw3F64hno9DvDD5$gCs85NS4SL/VP9P3SbZH8na7PF6sW8ytunTKaCIcFt8=",
        "last_login": null,
        "is_superuser": false,
        "username": "magz_k",
        "first_name": "",
        "last_name": "",
        "email": "test2@test2.com",
        "is_staff": false,
        "is_active": true,
        "date_joined": "2023-11-25T18:40:20.278Z",
        "groups": [],
        "user_permissions": []
    }
}, {
    "model": "auth.user",
    "pk": 7,
    "fields": {
        "password": "pbkdf2_sha256$260000$9mbRV96j3xJyKPBq1J4JRy$NVN+VVDO4TXI0aQxOTXiuamUhNi5rdVsSOF/Eqr2USg=",
        "last_login": null,
        "is_superuser": false,
        "username": "magz",
        "first_name": "",
        "last_name": "",
        "email": "kloskowicz@yahoo.com",
        "is_staff": false,
        "is_active": true,
        "date_joined": "2023-11-25T19:30:03.837Z",
        "groups": [],
        "user_permissions": []
    }
}, {
    "model": "sessions.session",
    "pk": "3ru3qt0hii5rme3uk7qdo6xzekmj50z7",
    "fields": {
        "session_data": "eyJiYWciOnsiNCI6eyJpdGVtc19ieV9zaXplIjp7Im0iOjF9fX19:1r6vRc:0IMenU-0AlL1kWQEyMWNhJZWDAi4sWfl-xxxtJc32Iw",
        "expire_date": "2023-12-09T16:23:48.244Z"
    }
}, {
    "model": "sessions.session",
    "pk": "ijjy24dleurf6bljox58bpweo4xnj8l3",
    "fields": {
        "session_data": ".eJxVTksOgyAUvAvrhvAEKrrs3jOQBzyUtmoiumhN715JXLSzmMX8MjuzuK2D3TItNgXWMmCXX82hf9BUjHDHqZ-5n6d1SY6XCD_dzLs50PN2Zv8GBszD0cY6Nkp4VFKjclJEI4x2KGoDkhqBEa6q0tFDAB-MpyggRE1Y1SRByfLKYc_anVWF0kpjtu5lc3pTEUbWwufAFw3gRGI:1r56f3:b0Ry4DxAcZHVe93kyMK6QDLV2fnvTdzluu3D4z-ZRqM",
        "expire_date": "2023-12-04T15:58:09.800Z"
    }
}, {
    "model": "sessions.session",
    "pk": "jor13x7x2g2acdr00y2e77wwx47c1l98",
    "fields": {
        "session_data": "e30:1r6a3p:1UBgcGwYp0W1ZVRglzqJ_Hk2F_JGavSSh0J9sL7I3B8",
        "expire_date": "2023-12-08T17:33:49.032Z"
    }
}, {
    "model": "sessions.session",
    "pk": "js3944qccw780d5ks8fr70gixjywr5fn",
    "fields": {
        "session_data": ".eJxVjEEOwiAQRe_C2hCmgFCX7nsGMgyDVA0kpV0Z765NutDtf-_9lwi4rSVsnZcwJ3ERIE6_W0R6cN1BumO9NUmtrssc5a7Ig3Y5tcTP6-H-HRTs5Vujy6NRhEZbNFGr7JW3EZXzoHlUmOFsBpsJElDyxFlBypZxcKzBaBDvD-FQN-Y:1r7Kwt:6QAv1T3ZQCEiIpdo5PI-0yI3ceg6t9CkSDOTiBcYY5A",
        "expire_date": "2023-12-10T19:37:47.577Z"
    }
}, {
    "model": "sessions.session",
    "pk": "klf5724ev4cqmmzfob9tpwljte2531vj",
    "fields": {
        "session_data": ".eJxVjMsOwiAQRf9l1k0DArZ26d5vIFMYLFrB8Gg0xn-3GhPj9pxz7wMyLqR9cBGGkio1gMbEGopeKHnnyWq6oJ9hCHWef7ZmSjCAggZ0ppx9DJpuV5_uMLCVYS3TJ9Lerh2HPzaiOVN4C3vCcIytiaEkP7bvpP3a3B6ipXn_bf8OJszTusbO7SQzKIVCOQrmetarEVnXc0E7ho5v5UY5wy03tjfkGLdOEW46ElwKDs8X-ztW2w:1r6vNj:jAc_nwzyO6irihOqXSAoPInOfqtsMb5lnvaQalGI8qY",
        "expire_date": "2023-12-09T16:19:47.319Z"
    }
}, {
    "model": "sessions.session",
    "pk": "tffc57bedlfz3rt9kry0160abkw8q8ug",
    "fields": {
        "session_data": ".eJxVjsFugzAQRH-F7BkhG9uBcMw9Uu-ArLW9BtIGRxikRlH-vU7FJdc3b3bnCQYHaJ5QHaHhrxw0buuot0iLnhw0wOGDGbTfNL8Dd8V5CIUN87pMpngrxZ7G4hIc_Zx39-PAiHFMbaz8STKLUiiURjBfs1oZZFXNBZ0Yen6UpfKWO25dbckz7rwiLCsSXIr_VZFinMKs6fc-LQ9oWGK3xHCgmF60bQdaX2MydtpBnrE8K1WedfC1BLfZNUtDaSV36KDv4fUHqppYSA:1r6fba:O_uaoLETBOKXWundgjUHPlI5eliOr0hwEcg4pjVcGas",
        "expire_date": "2023-12-08T23:29:02.142Z"
    }
}, {
    "model": "sessions.session",
    "pk": "vzrc6pj29lweu4tnphlwfjv4u9xnfyo6",
    "fields": {
        "session_data": ".eJyrVkpKTFeyqlYysgSRmSWpucXxSZXxxZlVqSCBXCUrw9paHSUjvLLGprikjcDSeDTX1gIA_fkrTg:1r5ZtQ:u7UWmjcqCzwFxaJP9SZKNMO3oXNA7ELBuaW5VNUfe3I",
        "expire_date": "2023-12-05T23:10:56.075Z"
    }
}, {
    "model": "sessions.session",
    "pk": "x52oq42m67yfvcxbaobjjsi143xrgam1",
    "fields": {
        "session_data": ".eJyrVkpKTFeyqlYyBhGZJam5xfFJlfHFmVWpIIFcJSvD2lodJXNcssYgWRM8emtrAVeRIQs:1r58Zi:Uu_vsUnaIGhhD4dKvFCCwMzZu0so903B1R4mjWy4x70",
        "expire_date": "2023-12-04T18:00:46.590Z"
    }
}, {
    "model": "sites.site",
    "pk": 1,
    "fields": {
        "domain": "sportstylehub.com",
        "name": "Sport Style Hub"
    }
}, {
    "model": "account.emailaddress",
    "pk": 6,
    "fields": {
        "user": 1,
        "email": "maxfit@someemail.com",
        "verified": true,
        "primary": true
    }
}, {
    "model": "products.category",
    "pk": 2,
    "fields": {
        "name": "women_essentials",
        "friendly_name": "Essentials"
    }
}, {
    "model": "products.category",
    "pk": 3,
    "fields": {
        "name": "women_accesories",
        "friendly_name": "Accesories"
    }
}, {
    "model": "products.category",
    "pk": 6,
    "fields": {
        "name": "women_footwear",
        "friendly_name": "Footwear"
    }
}, {
    "model": "products.category",
    "pk": 7,
    "fields": {
        "name": "women_tops",
        "friendly_name": "Tops"
    }
}, {
    "model": "products.category",
    "pk": 8,
    "fields": {
        "name": "men_tops",
        "friendly_name": "Tops"
    }
}, {
    "model": "products.category",
    "pk": 9,
    "fields": {
        "name": "men_footwear",
        "friendly_name": "Footwear"
    }
}, {
    "model": "products.category",
    "pk": 11,
    "fields": {
        "name": "men_essentials",
        "friendly_name": "Essentials"
    }
}, {
    "model": "products.category",
    "pk": 14,
    "fields": {
        "name": "men_new_arrivals",
        "friendly_name": "New Arrivals"
    }
}, {
    "model": "products.category",
    "pk": 15,
    "fields": {
        "name": "women_new_arrivals",
        "friendly_name": "New Arrivals"
    }
}, {
    "model": "products.category",
    "pk": 16,
    "fields": {
        "name": "men_clearance",
        "friendly_name": "Clearance"
    }
}, {
    "model": "products.category",
    "pk": 17,
    "fields": {
        "name": "women_clearance",
        "friendly_name": "Clearance"
    }
}, {
    "model": "products.category",
    "pk": 18,
    "fields": {
        "name": "men_accesories",
        "friendly_name": "Accesories"
    }
}, {
    "model": "products.product",
    "pk": 2,
    "fields": {
        "category": 2,
        "name": "Under Armour Sport Bras UA HeatGear High",
        "description": "No doubling up. No pinching. No slipping. Just a held-in feel, smooth, adjustable straps you slide and secure with a hook, and the sweat-wicking power of HeatGear. It's a compression bra you can actually go hard in.\r\n Delivers strategic support, tailored for high-support activities like running, court sports, field sports and aerobics\r\n Smooth, soft spacer fabric on front for support & coverage with a compression feel\r\n Mesh back & sides for ultimate breathability\r\n Quick & easy adjusts on front of straps for a custom fit\r\n Open keyhole back design for easy on/off\r\n Elastic band feels super-smooth & soft\r\nCare & Material",
        "has_sizes": true,
        "price": "40.00",
        "rating": "5.00",
        "image_url": "https://www.sportsdirect.com/images/imgzoom/42/42381399_xxl.jpg",
        "image": "jd_1379195-400_a.webp"
    }
}, {
    "model": "products.product",
    "pk": 3,
    "fields": {
        "category": 2,
        "name": "adidas Originals Ribbed Leggings",
        "description": "Product InfoReviewDeliveryReturns\r\nLevel up your comfort with these women's Ribbed Leggings from adidas Originals. In a Black colourway, these slim fit leggings are cut from light, stretchy fabric, a minimum of 70% of which is made using recycled material, for easy comfort. They feature an elasticated waistband for a relaxed wear and are finished up with signature Trefoil branding to the leg.",
        "has_sizes": true,
        "price": "33.00",
        "rating": "5.00",
        "image_url": "https://i8.amplience.net/i/jpl/jd_679455_a?qlt=92&w=750&h=957&v=1&fmt=auto",
        "image": "jd_679455_a.webp"
    }
}, {
    "model": "products.product",
    "pk": 4,
    "fields": {
        "category": 2,
        "name": "adidas Originals Floral 3-Stripes Leggings",
        "description": "Refresh your staple cuts with these women's Floral 3-Stripes Leggings from adidas Originals. In a Black colourway, these slim-fit leggings are made with a super-soft stretch cotton for lasting comfort. They feature a high-rise, deep elasticated waistband for a snug, secure fit, and are finished with floral print 3-Stripes down the sides. Signed off with the iconic adidas Originals Trefoil logo to the back waist.",
        "has_sizes": true,
        "price": "38.00",
        "rating": "5.00",
        "image_url": "https://i8.amplience.net/i/jpl/jd_679905_a?qlt=92&w=750&h=957&v=1&fmt=auto",
        "image": "jd_679905_a.webp"
    }
}, {
    "model": "products.product",
    "pk": 5,
    "fields": {
        "category": 2,
        "name": "Calvin Klein Underwear Modern Cotton Bikini Briefs",
        "description": "Give your underwear an update with these women's Modern Cotton Briefs from Calvin Klein. With a stretchy feel for effortless comfort, they're cut from a soft cotton-modal blend in a Grey colourway. Featuring a mid-rise cut and a woven, elasticated waistband, they're finished with iconic Calvin Klein branding. Please note: For hygiene reasons, underwear cannot be returned.",
        "has_sizes": true,
        "price": "23.00",
        "rating": "4.30",
        "image_url": "https://i8.amplience.net/i/jpl/jd_210749_a?qlt=92&w=750&h=957&v=1&fmt=auto",
        "image": "jd_210749_a.webp"
    }
}, {
    "model": "products.product",
    "pk": 6,
    "fields": {
        "category": 6,
        "name": "Nike Free Metcon 5 Women's",
        "description": "Focus on your goals with these women's Free Metcon 5 trainers from Nike. In a Pale Ivory colourway, these sneaks have a breathable textile upper and inner sleeve for a snug, sock-like fit. They feature a lace fastening to help you stay locked in, a low-cut padded ankle collar for a supportive feel and a moulded heel clip for stability. Underfoot is a soft foam midsole for a smooth ride, whilst Nike Free tech in the forefoot brings a natural flex to your step. With a rubber outsole for traction, they're signed off with the Swoosh to the sidewalls.",
        "has_sizes": true,
        "price": "120.00",
        "rating": "4.00",
        "image_url": "https://i8.amplience.net/i/jpl/jd_680538_a?qlt=92&w=750&h=531&v=1&fmt=auto",
        "image": "jd_product_list_2.webp"
    }
}, {
    "model": "products.product",
    "pk": 7,
    "fields": {
        "category": 6,
        "name": "adidas Originals Gazelle Women's",
        "description": "Add a signature style to your rotation with these women's Gazelle trainers from adidas Originals. In an Arctic Fusion colourway, these OG sneaks have a soft suede upper for a premium feel. They feature a tonal lace fastening with a low-cut ankle collar for a snug, secure fit, and sit atop a lightweight cushioned midsole for all-day comfort. With a grippy rubber outsole underfoot, they're finished with a metallic Gazelle wordmark to the sidewalls and the iconic 3-Stripes. Signed off with the legendary Trefoil logo at the tongue and heel.",
        "has_sizes": true,
        "price": "85.00",
        "rating": "5.00",
        "image_url": "https://i8.amplience.net/i/jpl/jd_672739_a?qlt=92&w=750&h=531&v=1&fmt=auto",
        "image": "jd_product_list_1.webp"
    }
}, {
    "model": "products.product",
    "pk": 9,
    "fields": {
        "category": 7,
        "name": "adidas Originals Floral Firebird Track Top",
        "description": "Bring a sports heritage style to your everyday 'fits with this women's Floral Firebird Track Top from adidas Originals. In a Black colourway with an all-over floral print, this slim-fit top is made with smooth, lightweight recycled polyester for lasting comfort. It features a full-zip fastening with a stand-up collar for quick coverage, and stretchy ribbing at the cuffs and hem to secure the fit. With front pockets for easy storage, it's finished up with signature 3-Stripes down the sleeves and the iconic Trefoil logo at the chest. Machine washable. | Our model is 5'8\" and wears a size small.",
        "has_sizes": true,
        "price": "75.00",
        "rating": "5.00",
        "image_url": "https://i8.amplience.net/i/jpl/jd_679878_a?qlt=92&w=750&h=957&v=1&fmt=auto",
        "image": "jd_679878_a.webp"
    }
}, {
    "model": "products.product",
    "pk": 10,
    "fields": {
        "category": 7,
        "name": "Jordan Essential T-Shirt",
        "description": "Go classic with this women's Essential T-Shirt from Jordan. In a Galactic Jade colourway, this standard fit tee is cut from soft cotton fabric for everyday comfort. It features short sleeves with a ribbed crew neckline and is finished up with embroidered Jordan branding to the chest.",
        "has_sizes": true,
        "price": "28.00",
        "rating": "4.50",
        "image_url": "https://i8.amplience.net/i/jpl/jd_680314_a?qlt=92&w=750&h=957&v=1&fmt=auto",
        "image": "jd_680314_a.webp"
    }
}, {
    "model": "products.product",
    "pk": 11,
    "fields": {
        "category": 3,
        "name": "JUICY COUTURE Velour Bucket Hat",
        "description": "Round off your rotation with a vintage look in this women's Velour Bucket Hat from Juicy Couture. Landing in a Fuchsia Pink colourway, this hat made with a velour fabric that's soft and lightweight for complete comfort. With a 360 degree brim for classic coverage, it's finished with Juicy Couture branding to the front.",
        "has_sizes": true,
        "price": "15.00",
        "rating": "5.00",
        "image_url": "https://i8.amplience.net/i/jpl/jd_611142_a?qlt=92&w=750&h=957&v=1&fmt=auto",
        "image": "jd_611142_a.webp"
    }
}, {
    "model": "products.product",
    "pk": 12,
    "fields": {
        "category": 18,
        "name": "adidas Hybrid 100 Boxing Gloves",
        "description": "Get ready for the ring in these Hybrid 100 Boxing Gloves from adidas. Featuring an ergonomic shape, the gloves are made with PU for toughness and come with hook/loop and elastic strap closure. Land your biggest and best hook in these boxing gloves. The injection mould foam protects and absorbs the impact, with velcro straps for extra security. Finished in a blue and white colourway with a Badge of Sport to the dorsal.",
        "has_sizes": true,
        "price": "40.00",
        "rating": "4.00",
        "image_url": "https://i8.amplience.net/i/jpl/jd_397230_a?qlt=92&w=750&h=957&v=1&fmt=auto",
        "image": "jd_397230_a.webp"
    }
}, {
    "model": "products.product",
    "pk": 13,
    "fields": {
        "category": 9,
        "name": "Nike Alpha Trainer 5",
        "description": "Level up your workout with these men's Alpha Trainer 5 sneakers from Nike. In a Football Grey colourway with University Red accents, these treads have a breathable mesh upper with synthetic skin overlays for added support. They feature a tonal lace fastening with plush padding around the anke for a locked-in fit, and sit atop a light foam midsole with Max Air cushioning underfoot for unbeatable comfort. They have a flat, wide sole for added stability, with an enhanced rubber tread to keep you gripped. With flex grooves in the forefoot for a natural feel, and rubber to wrap the sides, they're signed off with the iconic Swoosh at the sidewalls and signature branding throughout.",
        "has_sizes": true,
        "price": "80.00",
        "rating": "4.50",
        "image_url": "https://i8.amplience.net/i/jpl/jd_681331_a?qlt=92&w=750&h=531&v=1&fmt=auto",
        "image": "jd_product_list_3.webp"
    }
}, {
    "model": "products.product",
    "pk": 14,
    "fields": {
        "category": 9,
        "name": "Nike React Pegasus Trail 4 GORE-TEX",
        "description": "Own the elements with these men's React Pegasus Trail 4 GORE-TEX trainers from Nike. In a Deep Jungle and Night Maroon colourway, these off-road runners have a GORE-TEX layer across the lightweight and flexible mesh and synthetic upper to keep your foot dry. They feature a supportive and stretchy ankle collar for extra protection frm debris, while heel and tongue loops offer easy entry. Underfoot, the responsive yet durable Nike React foam midsole sits above a rubber outsole that wraps around the foot for standout traction. Finished off with the signature Swoosh and Nike Trail branding.",
        "has_sizes": true,
        "price": "145.00",
        "rating": "4.70",
        "image_url": "https://i8.amplience.net/i/jpl/jd_680402_a?qlt=92&w=750&h=531&v=1&fmt=auto",
        "image": "jd_product_list_4.webp"
    }
}, {
    "model": "products.product",
    "pk": 15,
    "fields": {
        "category": 8,
        "name": "Nike Miler 1.0 T-Shirt",
        "description": "Go further with this men's Miler 1.0 T-Shirt from Nike. In a Smoke Grey colourway, this tee is made with a lightweight and smooth poly fabric for lasting comfort. It features sweat-wicking Dri-FIT tech to keep you cool, and a crew neckline with short sleeves for a classic cut. Signed off with the Swoosh to the chest. Machine washable. | Our model is 6'0\" with a 38\" chest and wears a size medium.",
        "has_sizes": true,
        "price": "35.00",
        "rating": "4.30",
        "image_url": "https://i8.amplience.net/i/jpl/jd_681120_a?qlt=92&w=750&h=957&v=1&fmt=auto",
        "image": "jd_681120_a.webp"
    }
}, {
    "model": "products.product",
    "pk": 16,
    "fields": {
        "category": 11,
        "name": "Nike 3-Pack Trunks",
        "description": "When training comes around, stock up on the essentials with this men's 3-Pack Trunks from Nike. Perfect for active days, these trunks are made from stretchy polyester fabric, using sweat-wicking Dri-FIT tech for cool comfort. They have an elasticated waistband that lies flat for an unrestricted fit. Finished off with repeated Nike Swoosh branding. Machine washable. | Please note: For hygiene reasons, underwear cannot be returned.",
        "has_sizes": true,
        "price": "32.00",
        "rating": "4.00",
        "image_url": "https://i8.amplience.net/i/jpl/jd_684837_a?qlt=92&w=750&h=957&v=1&fmt=auto",
        "image": "jd_684837_a.webp"
    }
}, {
    "model": "products.product",
    "pk": 17,
    "fields": {
        "category": 8,
        "name": "Fred Perry Twin Tipped Polo Shirt",
        "description": "Elevate your out-out look with this men's Twin-Tipped Polo Shirt from Fred Perry. In a Black and Navy colourway, this standard fit shirt is cut from soft cotton fabric for total comfort. It features short sleeves with a two-button placket fastening for adjustable coverage, with a spread collar for a classic look. It has ribbed cuffs for a snug feel and is finished up with twin-tipped details and a Laurel Wreath to the chest. Machine washable | Our model is 6'1\" with a 39\" chest and wears a size medium.",
        "has_sizes": true,
        "price": "75.00",
        "rating": "4.00",
        "image_url": "https://i8.amplience.net/i/jpl/jd_704126_a?qlt=92&w=750&h=957&v=1&fmt=auto",
        "image": "jd_704126_a.webp"
    }
}, {
    "model": "products.product",
    "pk": 18,
    "fields": {
        "category": 11,
        "name": "Nike 6-Pack Everyday Cushioned Training Crew Socks",
        "description": "Support every stride with this men's 6-Pack Everyday Cushioned Training Socks from Nike. In multiple colourways, these crew-length socks are made from a stretchy and breathable cotton blend for cool comfort. They're equipped with sweat-wicking Dri-FIT tech and feature arch bands for a snug fit. Finished off with varsity-inspired Nike Swoosh branding to the cuff. Machine washable.",
        "has_sizes": true,
        "price": "23.00",
        "rating": "4.00",
        "image_url": "https://i8.amplience.net/i/jpl/jd_666793_a?qlt=92&w=750&h=957&v=1&fmt=auto",
        "image": "jd_666793_a.webp"
    }
}, {
    "model": "products.product",
    "pk": 19,
    "fields": {
        "category": 11,
        "name": "Under Armour Pants UA Stretch Woven Cargo Pants",
        "description": "The goal with the UA Woven collection was to make the perfect set of warm-ups that keep your muscles ready, work for any sport, and also pack up super-small in your bag, so you can take them anywhere.\r\n Storm technology repels water without sacrificing breathability\r\n Lightweight stretch-woven fabric delivers superior comfort and durability\r\n 4-way stretch material moves better in every direction\r\n Soft, ColdGear knit waistband with internal drawcord\r\n Open hand pockets and snap-closure cargo pockets\r\n Encased elastic cuffs",
        "has_sizes": true,
        "price": "71.00",
        "rating": "4.60",
        "image_url": "https://i8.amplience.net/i/jpl/jd_1380358-001_a?qlt=92&w=750&h=957&v=1&fmt=auto",
        "image": "jd_1380358-001_a.webp"
    }
}, {
    "model": "products.product",
    "pk": 20,
    "fields": {
        "category": 14,
        "name": "Nicce OG Tracksuit",
        "description": "Level up your chill-day looks with this men's OG Tracksuit from Nicce. In a Grey colourway, this standard-fit suit is made with a soft cotton-blend fleece for lasting comfort. It features a long-sleeve pullover with a drawstring-adjustable hood to amp up the coverage. It has matching joggers with an elasticated drawcord waistband for a relaxed feel, and pockets for easy storage. With stretchy ribbed trims throughout for a clean, secure fit, it's signed off with tonal Nicce branding at the chest, back and thigh. Machine washable. | Our model is 6'1\" with a 39\" chest and wears a size medium.",
        "has_sizes": true,
        "price": "100.00",
        "rating": "4.80",
        "image_url": "https://i8.amplience.net/i/jpl/jd_684398_a?qlt=92&w=750&h=957&v=1&fmt=auto",
        "image": "jd_684398_a.webp"
    }
}, {
    "model": "products.product",
    "pk": 21,
    "fields": {
        "category": 9,
        "name": "Nike Air Force 1 Low",
        "description": "Stand tall in the style stakes with these men's Nike Air Force 1 Lo trainers! An instant icon ever since 1982, the AF1 was Nike's first basketball shoe with a full length Air Sole unit in the midsole. Hugely popular on the hip hop scene, these Nike Air Force 1 trainers are built with a crisp white leather upper for hard-wearing comfort. Sat atop the legendary Air Sole unit for optimum impact protection step after step, pivot points to the outsole deliver smooth movements from the courts to the streets, while the legendary Swoosh finishes things off with authority.",
        "has_sizes": true,
        "price": "110.00",
        "rating": "4.50",
        "image_url": "https://i8.amplience.net/i/jpl/jd_030664_a?qlt=92&w=750&h=531&v=1&fmt=auto",
        "image": "jd_product_list_5.webp"
    }
}, {
    "model": "products.product",
    "pk": 22,
    "fields": {
        "category": 11,
        "name": "adidas Own the Run Leggings",
        "description": "Whether you're hitting the pavement with your community or on your own, there's nothing quite like the joyful rush of a runner's high. One thing's for sure: comfort and support are paramount in maximizing your daily run. Introducing the Own The Run Leggings. Designed for ultimate comfort, they're cut for a flattering tight fit with a drawcord waist that keeps them in place as you stride. Crafted from supportive fabric, sweat-wicking AEROREADY technology will help keep you feeling dry as you put in the kms. When you're in a hurry, ankle zips are a lifesaver, making for easy on and off  even over shoes. Get your run in at any time of day with reflective details that shine in low light, and easily stash your phone and keys in the leg pockets on the go.\r\n This model is 186 cm and wears a size M. Their chest measures 97 cm and the waist 80 cm.\r\n Tight fit\r\n Drawcord on elastic waist\r\n 72% recycled polyester, 28% elastane interlock\r\n AEROREADY\r\n Leg pockets\r\n Reflective details\r\n Ankle zips",
        "has_sizes": true,
        "price": "55.00",
        "rating": "5.00",
        "image_url": "https://i8.amplience.net/i/jpl/jd_HM8444_a?qlt=92&w=750&h=957&v=1&fmt=auto",
        "image": "jd_HM8444_a.webp"
    }
}, {
    "model": "products.product",
    "pk": 23,
    "fields": {
        "category": 16,
        "name": "Nike 6-Pack Everyday Cushioned Ankle Socks",
        "description": "Made for training, this 6-Pack Everyday Cushioned Ankle Socks from Nike keeps feet comfy. In Black colourways, these socks are made from breathable poly fabric with Dri-FIT tech to wick away sweat. They feature a thick terry sole for maximum comfort during footdrills and lifts, as well as a ribbed arch band, which wraps your midfoot for a supportive feel. Finished with the iconic Swoosh logo to the cuff in white. Machine washable.",
        "has_sizes": true,
        "price": "14.00",
        "rating": "4.50",
        "image_url": "https://i8.amplience.net/i/jpl/jd_471802_a?qlt=92&w=750&h=957&v=1&fmt=auto",
        "image": "jd_471802_a.webp"
    }
}, {
    "model": "products.product",
    "pk": 24,
    "fields": {
        "category": 11,
        "name": "adidas Originals 6 Pack Trefoil Crew Socks",
        "description": "Stock up on adidas Originals essentials with this men's 6-Pack Trefoil Crew Socks. In Active Purple, Collegiate Green and Navy, Maroon, Shadow Brown and Wonder White colourways, these crew-cut socks are made from a stretchy, ribbed cotton and recycled poly blend for all-day comfort. With arch supports and reinforced areas to make them last, they're finished off with the Trefoil at the cuff. Machine washable.",
        "has_sizes": true,
        "price": "20.00",
        "rating": "4.90",
        "image_url": "https://i8.amplience.net/i/jpl/jd_679687_a?qlt=92&w=750&h=957&v=1&fmt=auto",
        "image": "jd_679687_a.webp"
    }
}, {
    "model": "products.product",
    "pk": 25,
    "fields": {
        "category": 14,
        "name": "adidas Originals All Team",
        "description": "Take your lace-up rotation to new heights with these All Team sneakers from adidas Originals. In a Collegiate Blue colourway, these sneaks are cut from smooth leather in the upper for a premium feel and lasting wear. They feature a lace fastening to lock you in, with a padded collar for support and textile lining for a snug fit. Underfoot, they sit on a rubber outsole for traction and are finished up with 3-Stripes to the sidewalls and signature Trefoil branding.",
        "has_sizes": true,
        "price": "85.00",
        "rating": "4.20",
        "image_url": "https://i8.amplience.net/i/jpl/jd_672185_a?qlt=92&w=750&h=531&v=1&fmt=auto",
        "image": "jd_product_list_6.webp"
    }
}, {
    "model": "products.product",
    "pk": 26,
    "fields": {
        "category": 18,
        "name": "Nike Knit Gloves",
        "description": "Keep things cosy with these Knit Gloves from Nike. In a black colourway, these gloves are made from a a double knit fabric for ultra-warming wear. With grip to the palms, these gloves are finished up with a outline Swoosh. Machine washable.",
        "has_sizes": true,
        "price": "17.00",
        "rating": "4.10",
        "image_url": "https://i8.amplience.net/i/jpl/jd_387195_a?qlt=92&w=750&h=957&v=1&fmt=auto",
        "image": "jd_387195_a.webp"
    }
}, {
    "model": "products.product",
    "pk": 27,
    "fields": {
        "category": 18,
        "name": "Jordan Airborne Cross Body Bag",
        "description": "Secure your smaller essentials with this Airborne Cross Body Bag from Jordan. Coming in a Black colourway, this small-size crossbody is made with hardwearing poly fabric to keep your gear safe. It features a zippered main compartment, and a front pocket for easy organisation. With an adjustable shoulder strap for a custom look, it's finished up with classic Jordan branding to the front. Spot clean.",
        "has_sizes": false,
        "price": "18.00",
        "rating": "4.60",
        "image_url": "https://i8.amplience.net/i/jpl/jd_511082_a?qlt=92&w=750&h=957&v=1&fmt=auto",
        "image": "jd_511082_a.webp"
    }
}, {
    "model": "products.product",
    "pk": 28,
    "fields": {
        "category": 14,
        "name": "CRUYFF Mosaic",
        "description": "Upgrade your kick rotation with these men's Mosaic sneakers from Cruyff. In a Black and Winter White colourway, these sneaks are cut from smooth leather and ripstop mesh in the upper for a durable wear. They feature a lace fastening to lock you in, with a padded collar for support and a stabiliser heel for stability. Underfoot, they sit on a chunky foam midsole for a cushioned step, with a grippy rubber outsole for total traction. Finished up with signature Cruyff branding.",
        "has_sizes": true,
        "price": "110.00",
        "rating": "4.70",
        "image_url": "https://i8.amplience.net/i/jpl/jd_672799_a?qlt=92&w=750&h=531&v=1&fmt=auto",
        "image": "jd_product_list_7.webp"
    }
}, {
    "model": "products.product",
    "pk": 29,
    "fields": {
        "category": 16,
        "name": "Nike Victori Slides",
        "description": "Cop a summer essential that can be worn for chilling or hitting the streets with these Victori Slides from Nike. In a Navy colourway, these versatile slides are designed with a comfortable foam sole for cushioning and support while the padded strap and moulded grip on the footbed will keep you locked in with every step. Finshed off with classic Nike Swoosh branding.",
        "has_sizes": true,
        "price": "15.00",
        "rating": "4.50",
        "image_url": "https://i8.amplience.net/t/jpl/jd_product_list?plu=jd_398435_plc&qlt=92&w=363&h=463&v=1&fmt=auto",
        "image": "jd_product_list.webp"
    }
}, {
    "model": "products.product",
    "pk": 30,
    "fields": {
        "category": 2,
        "name": "adidas Originals 3-Pack Crew Socks",
        "description": "Update your everyday essentials with this 3-Pack Crew Socks from adidas Originals. Coming in a White colourway, these socks are made with a soft, stretchy cotton blend for lasting comfort. With a stretchy ribbed design for a snug fit, they have a classic crew length and padding underfoot for all-day comfort. Finished with signature Trefoil branding throughout. Machine washable.",
        "has_sizes": true,
        "price": "13.00",
        "rating": "4.60",
        "image_url": "https://i8.amplience.net/t/jpl/jd_product_list?plu=jd_627894_plc&qlt=92&w=363&h=463&v=1&fmt=auto",
        "image": "jd_product_list_8.webp"
    }
}, {
    "model": "products.product",
    "pk": 31,
    "fields": {
        "category": 2,
        "name": "Nike Everyday Plus Cushioned Crew Socks (3-Pack)",
        "description": "Update your daily essentials with this 3-Pack Everyday Plus Cushioned Crew Socks from Nike. In Green, White and Purple colourways, these socks are made with a soft, durable cotton blend with extra stretch for lasting comfort. With a breathable knit construction and Dri-FIT tech to keep you cool, they have plush cushioning underfoot and a tightly-ribbed crew cuff for a secure fit. Finished with contrast Swoosh branding at the side. Machine washable.",
        "has_sizes": true,
        "price": "17.00",
        "rating": "4.00",
        "image_url": "https://i8.amplience.net/t/jpl/jd_product_list?plu=jd_666791_plc&qlt=92&w=363&h=463&v=1&fmt=auto",
        "image": "jd_product_list_9.webp"
    }
}, {
    "model": "products.product",
    "pk": 32,
    "fields": {
        "category": 15,
        "name": "Nike Strike 1/4 Zip Drill Top",
        "description": "Level up your training in this women's Strike 1/4 Zip Drill Top from Nike. In a Hyper Turquoise colourway, this slim-fit top is made with smooth, stretch-woven polyester for lasting comfort. Equipped with Nike's sweat-wicking Dri-FIT tech, it features a quarter zip fastening with a slightly raised collar to adjust your airflow. It as long, streamlined sleeves with thumb holes to secure the fit, and is finished with signature Nike branding to the chest. Machine washable. | Our model is 5'8\" and wears a size small.",
        "has_sizes": true,
        "price": "55.00",
        "rating": "4.50",
        "image_url": "https://i8.amplience.net/i/jpl/jd_681323_a?qlt=92&w=750&h=957&v=1&fmt=auto",
        "image": "jd_681323_a.webp"
    }
}, {
    "model": "products.product",
    "pk": 33,
    "fields": {
        "category": 15,
        "name": "Jordan Air 1 Elevate High Women's",
        "description": "Take your game to new heights with these women's Air 1 Elevate High sneakers from Jordan. In a Red Stardust and White colour block design, these reimagined classics have a crisp leather upper for premium style. They feature a perforated toe for cool comfort and a zip fastening at the padded collar for easy on-and-off. Underfoot, the platform cupsole construction has Nike Air tech in the midsole to absorb every stride, while the durable rubber outsole grips your ride. Finished off with Black Swooshes on the sidewalls and the Air Wings outline to the ankle.",
        "has_sizes": true,
        "price": "145.00",
        "rating": "4.00",
        "image_url": "https://i8.amplience.net/t/jpl/jd_product_list?plu=jd_680447_plc&qlt=92&w=363&h=463&v=1&fmt=auto",
        "image": "jd_product_list_10.webp"
    }
}, {
    "model": "products.product",
    "pk": 34,
    "fields": {
        "category": 15,
        "name": "Nike Air Force 1 Shadow Women's",
        "description": "Rep these women's Air Force 1 Shadow trainers from Nike for a basketball-inspired look. Coming in a White colourway with Light Lemon Twist accents, these low-profile sneakers have an upper cut from a smooth but durable leather. They feature a lace fastening to lock you in, a padded ankle for a snug feel, and perforations to the toe for added airflow. Underfoot is a responsive foam midsole that combines with Nike Air cushioning for a super-smooth ride. With a rubber outsole for traction, they're finished with the Swoosh to the sidewalls.",
        "has_sizes": true,
        "price": "120.00",
        "rating": "4.50",
        "image_url": "https://i8.amplience.net/i/jpl/jd_680640_a?qlt=92&w=750&h=531&v=1&fmt=auto",
        "image": "jd_product_list_11.webp"
    }
}, {
    "model": "products.product",
    "pk": 35,
    "fields": {
        "category": 6,
        "name": "adidas Originals Gazelle Bold Women's",
        "description": "Turn up the volume when you step out in these women's Gazelle Bold sneakers from adidas Originals. In a White and Core Black colourway, these JD-exclusives have a premium leather upper and synthetic lining. They're sat on a stacked platform midsole to elevate your cushioning and style. With a low-profile rubber outsole for essential grip, these trainers are finished off with the 3-Stripes to the sidewalls and the Trefoil to the tongue. | IE7853",
        "has_sizes": true,
        "price": "90.00",
        "rating": "4.20",
        "image_url": "https://i8.amplience.net/i/jpl/jd_679813_a?qlt=92&w=750&h=531&v=1&fmt=auto",
        "image": "jd_product_list_12.webp"
    }
}, {
    "model": "products.product",
    "pk": 36,
    "fields": {
        "category": 6,
        "name": "Nike Free Run Next Nature Women's",
        "description": "Go the distance in these women's Free Run Next Nature sneakers from Nike. In a Guava Ice colourway with Vivid Sulfur accents, these runners have a soft, stretchy Flyknit upper for a sock-like feel. They have a tonal lace fastening with a snug ankle collar to lock you in, and sit atop an ultra-lightweight foam midsole for supreme comfort as you move. They have a Nike Grind rubber outsole with flex grooves for grippy traction, and are finished up with a signature Swoosh to the sidewalls.",
        "has_sizes": true,
        "price": "110.00",
        "rating": "4.40",
        "image_url": "https://i8.amplience.net/i/jpl/jd_668018_a?qlt=92&w=750&h=531&v=1&fmt=auto",
        "image": "jd_product_list_13.webp"
    }
}, {
    "model": "products.product",
    "pk": 37,
    "fields": {
        "category": 7,
        "name": "Under Armour UA Tech Twist 1/2 Zip Top",
        "description": "Feel unrestricted every time you train in this women's UA Tech Twist 1/2 Zip Top from Under Armour. In a Water and White all over twist effect, this stretchy top is made from smooth UA Tech fabric for cool, sweat-wicking comfort. It features a half zip fastening, raglan sleeves and a stand-up collar. Finished off with reflective Under Armour logos printed to the chest and nape. Machine washable. | Our model is 5'7\" and wears a size small.",
        "has_sizes": true,
        "price": "38.00",
        "rating": "4.60",
        "image_url": "https://i8.amplience.net/i/jpl/jd_678132_a?qlt=92&w=750&h=957&v=1&fmt=auto",
        "image": "jd_678132_a.webp"
    }
}, {
    "model": "products.product",
    "pk": 38,
    "fields": {
        "category": 18,
        "name": "Nike Club Futura Cap",
        "description": "Stay cool on the streets with this Club Futura Cap from Nike. Dropping in a Black colourway, this lightweight cap is made from breathable poly fabric, paired with sweat-wicking Dri-FIT tech and lined panels for total comfort. It has an adjustable strap to the back for the perfect fit, while the curved bill adds essential coverage. Finished with a metallic Nike Futura badge to the front. Hand wash.",
        "has_sizes": true,
        "price": "23.00",
        "rating": "4.20",
        "image_url": "https://i8.amplience.net/i/jpl/jd_667555_a?qlt=92&w=750&h=957&v=1&fmt=auto",
        "image": "jd_667555_a.webp"
    }
}, {
    "model": "products.product",
    "pk": 39,
    "fields": {
        "category": 3,
        "name": "Nike Running Headband & Gloves Set",
        "description": "On cold weather runs, make sure you're prepared with this women's Essential Running Headband & Gloves Set from Nike. In a black colourway, the headband fits over your ears for warmth, and is made from smooth poly fabric with Dri-FIT to wick away excess sweat. The gloves have touchscreen tips so you can use your phone, as well as a snug cuff to lock in heat. Both are finished with Nike Swoosh branding.",
        "has_sizes": true,
        "price": "34.00",
        "rating": "4.30",
        "image_url": "https://i8.amplience.net/i/jpl/jd_443753_a?qlt=92&w=750&h=957&v=1&fmt=auto",
        "image": "jd_443753_a.webp"
    }
}, {
    "model": "products.product",
    "pk": 40,
    "fields": {
        "category": 3,
        "name": "UGG Sheepskin Gloves",
        "description": "Beat the chilly temps with these women's Sheepskin Gloves from UGG. In a Chestnut colourway, these gloves are cut from smooth leather with a cosy sheepskin lining for a snug feel. They have fur trim for extra warmth and are finished up with signature UGG branding. Hand wash.",
        "has_sizes": true,
        "price": "125.00",
        "rating": "4.60",
        "image_url": "https://i8.amplience.net/i/jpl/jd_657775_a?qlt=92&w=750&h=957&v=1&fmt=auto",
        "image": "jd_657775_a.webp"
    }
}, {
    "model": "products.product",
    "pk": 41,
    "fields": {
        "category": 3,
        "name": "The North Face Logo Box Cuffed Beanie",
        "description": "Stand out on frosty days with this Logo Box Cuffed Beanie from The North Face. In a Pikes Purple colourway, this winter-ready hat is made from stretchy ribbed acrylic knit fabric for a snug feel and lasting warmth and comfort. It has an adjustable cuff for the perfect fit. Finished off with an embroidered TNF box logo to the front. Hand wash.",
        "has_sizes": true,
        "price": "27.00",
        "rating": "4.10",
        "image_url": "https://i8.amplience.net/i/jpl/jd_620457_a?qlt=92&w=750&h=957&v=1&fmt=auto",
        "image": "jd_620457_a.webp"
    }
}, {
    "model": "products.product",
    "pk": 42,
    "fields": {
        "category": 3,
        "name": "The North Face Logo Box Cuffed Beanie",
        "description": "Brighten up your 'fits this season when you pull on this Logo Box Cuffed Beanie from The North Face. In a Persian Orange colourway, this snug-fit beanier has an adjustable cuff for a versatile wear. It's made from ultra-soft and cosy acrylic knit fabric for lasting comfort. Finished with a contrasting TNF box logo stamped to the front. Hand wash.",
        "has_sizes": true,
        "price": "27.00",
        "rating": "4.20",
        "image_url": "https://i8.amplience.net/i/jpl/jd_620437_a?qlt=92&w=750&h=957&v=1&fmt=auto",
        "image": "jd_620437_a.webp"
    }
}, {
    "model": "products.product",
    "pk": 43,
    "fields": {
        "category": 15,
        "name": "Under Armour Play Up Shorts",
        "description": "Everyone needs a go-to pair of shorts. With side hand pockets and a soft, smooth waistbandthese womens training shorts are it.\r\n Soft, lightweight knit construction delivers superior comfort breathability\r\n Material wicks sweat dries really fast\r\n Updated exposed elastic printed waistband",
        "has_sizes": true,
        "price": "15.00",
        "rating": "4.60",
        "image_url": "https://i8.amplience.net/i/jpl/jd_1344552-057_a?qlt=92&w=750&h=957&v=1&fmt=auto",
        "image": "jd_1344552-057_a.webp"
    }
}, {
    "model": "products.product",
    "pk": 44,
    "fields": {
        "category": 2,
        "name": "adidas Originals Ribbed Cycle Shorts",
        "description": "Cop heat that's exclusive to JD with these women's Essential Ribbed Cycle Shorts from adidas Originals. Coming in an Easy Orange colourway, these tight-fit shorts are cut from a soft and stretchy blended fabric that delivers max' comfort. They feature an elastic waistband for a snug, supportive feel and are finished up with the Trefoil to the thigh. Machine washable. | Our model is 5'8\" and wears a size small.",
        "has_sizes": true,
        "price": "14.99",
        "rating": "4.30",
        "image_url": "https://i8.amplience.net/i/jpl/jd_637284_b?qlt=92&w=750&h=957&v=1&fmt=auto",
        "image": "jd_637284_b.webp"
    }
}, {
    "model": "products.product",
    "pk": 45,
    "fields": {
        "category": 17,
        "name": "Under Armour Fly By 2.0 Short",
        "description": "When it comes to these shorts, we thought of everything: strategic mesh, a key pocket, and reflective hits. So, all youll be thinking about is going faster, longer.\r\n Lightweight woven fabric delivers superior comfort durability\r\n Material wicks sweat dries really fast\r\n Built-in brief for enhanced coverage",
        "has_sizes": true,
        "price": "17.00",
        "rating": "4.00",
        "image_url": "https://i8.amplience.net/i/jpl/jd_1350196-401_a?qlt=92&w=750&h=957&v=1&fmt=auto",
        "image": "jd_1350196-401_a.webp"
    }
}, {
    "model": "products.product",
    "pk": 46,
    "fields": {
        "category": 17,
        "name": "Nike Training One 3\" Shorts",
        "description": "Get moving in style with these women's Training One 3\" Shorts from Nike. In a Light Fusion Red colourway, these workout shorts are cut from ultra-soft and lighweight woven fabric for comfort, while Dri-FIT tech wicks sweat from the skin. They have a mid-rise elasticated waistband and a stretchy mesh brief liner, while the envelope waistband pocket secures your phone in place. Finished with a reflective Swoosh to the left leg. Machine washable. | Our model is 5'9\" and wears a size small.",
        "has_sizes": true,
        "price": "15.00",
        "rating": "4.70",
        "image_url": "https://i8.amplience.net/i/jpl/jd_668496_b?qlt=92&w=750&h=957&v=1&fmt=auto",
        "image": "jd_668496_b.webp"
    }
}, {
    "model": "products.product",
    "pk": 47,
    "fields": {
        "category": 17,
        "name": "Emporio Armani EA7 Overhead Hoodie Tape Tracksuit",
        "description": "Elevate your off-duty style with this women's Overhead Hoodie Tape Tracksuit from Emporio Armani EA7. In a JD-exclusive Purple colourway, this matching set has a pullover hoodie with a drawcord-adjustable hood, ribbed trims and dropped shoulders for a roomy feel. The joggers feature a drawcord tie at the waistband for custom comfort, along with cuffed ankles and open-hand side pockets. Made from a soft and stretchy cotton blend for a plush feel, this suit is finished up with taped EA7 branding down the sleeve and leg. Machine washable. | Our model is 5'5\" and wears a size small.",
        "has_sizes": true,
        "price": "100.00",
        "rating": "4.30",
        "image_url": "https://i8.amplience.net/i/jpl/jd_622904_a?qlt=92&w=750&h=957&v=1&fmt=auto",
        "image": "jd_622904_a.webp"
    }
}, {
    "model": "products.product",
    "pk": 48,
    "fields": {
        "category": 2,
        "name": "The North Face Logo Padded Gilet",
        "description": "Take the edge off on cooler days with this women's Logo Hooded Padded Gilet from The North Face. In a Black colourway, this standard fit, JD-exclusive gilet is cut from smooth, water-resistant polyester for a dry, comfy wear. It features a full-zip fastening, funnel collar and hood for custom coverage, with side pockets for your essentials. Finished up with Dome branding to the chest and reverse shoulder. Machine washable | Our model is 5'5\" and wears a size small.",
        "has_sizes": true,
        "price": "140.00",
        "rating": "4.50",
        "image_url": "https://i8.amplience.net/i/jpl/jd_549767_e?qlt=92&w=750&h=957&v=1&fmt=auto",
        "image": "jd_549767_e.webp"
    }
}, {
    "model": "products.product",
    "pk": 49,
    "fields": {
        "category": 7,
        "name": "Nike Training Pro Shine Tank Top",
        "description": "Focus on your goals with this women's Training Pro Shine Tank Top fom Nike. In a Black colourway, this slim fit top is cut from light, stretchy fabric for a flexible feel. It features armholes with a crew neckline and an elasticated hem for a secure fit. It's equipped with Dri-FIT tech to remvoe sweat and is finished up with Nike Pro branding. Machine washable | Our model is 5'8\" and wears a size small.",
        "has_sizes": true,
        "price": "38.00",
        "rating": "4.50",
        "image_url": "https://i8.amplience.net/i/jpl/jd_681015_a?qlt=92&w=750&h=957&v=1&fmt=auto",
        "image": "jd_681015_a.webp"
    }
}, {
    "model": "products.product",
    "pk": 50,
    "fields": {
        "category": 7,
        "name": "Nike Training Pro Shine Tank Top",
        "description": "Put in a big workout in comfort with this women's Training Pro Shine Tank Top from Nike. In a Deep Jungle colourway, this slim fit top is cut from smooth, stretchy poly fabric for total comfort. It features arm holes and a high neckline for coverage, with built-in Dri-FIT tech to remove sweat. It has an elasticated hem for a secure fit and is finished up with a Swoosh to the chest and Nike Pro branding to the binding. Machine washable | Our model is 5'8\" and wears a size small.",
        "has_sizes": true,
        "price": "38.00",
        "rating": "4.80",
        "image_url": "https://i8.amplience.net/i/jpl/jd_681025_a?qlt=92&w=750&h=957&v=1&fmt=auto",
        "image": "jd_681025_a.webp"
    }
}, {
    "model": "products.product",
    "pk": 51,
    "fields": {
        "category": 15,
        "name": "Vans Knu Skool Women's",
        "description": "'90s style gets redefined with these women's Knu Skool sneakers from Vans. In an Ivy Green colourway, these oversized trainers have a durable rough suede upper. They feature a puffy tongue and ankle collar for plush cushioning, while the heel pull and thick laces offer easy entry. Underfoot, the classic sole cushions your ride and grips every step from the rubber Waffle tread. Signed off with a 3D moulded Sidestripe in White.",
        "has_sizes": true,
        "price": "75.00",
        "rating": "4.60",
        "image_url": "https://i8.amplience.net/i/jpl/jd_683162_a?qlt=92&w=750&h=531&v=1&fmt=auto",
        "image": "jd_product_list_15.webp"
    }
}, {
    "model": "products.product",
    "pk": 52,
    "fields": {
        "category": 17,
        "name": "Nike Academy T-Shirt",
        "description": "Get set to train in this women's Academy T-Shirt from Nike. In a Midnight Navy colourway, this regular-fit tee is cut from a super-smooth, lightweight polyester fabric for lasting comfort. It's crafted with sweat-wicking Dri-FIT technology, and features a classic crew neckline and short sleeves for an easy feel. Signed off with Nike's iconic Swoosh to the chest. Machine washable.",
        "has_sizes": true,
        "price": "23.00",
        "rating": "4.60",
        "image_url": "https://i8.amplience.net/i/jpl/jd_681288_a?qlt=92&w=750&h=957&v=1&fmt=auto",
        "image": "jd_681288_a.webp"
    }
}, {
    "model": "products.product",
    "pk": 53,
    "fields": {
        "category": 17,
        "name": "PE Nation Jump Colour Block Tights",
        "description": "Support your training goals with these women's Jump Colour Block Tights from P.E Nation. In a Black colourway with Pink and Yellow panels, these JD-exclusive training leggings have a high-rise elasticated waistband that sits flat for total comfort when you squat. They're made from stretchy recycled nylon fabric for a durable and breathable feel. Finished off with signature P.E Nation branding. Machine washable. | Our model is 5'6\" and wears a size small.",
        "has_sizes": true,
        "price": "45.00",
        "rating": "4.60",
        "image_url": "https://i8.amplience.net/i/jpl/jd_651816_b?qlt=92&w=750&h=957&v=1&fmt=auto",
        "image": "jd_651816_b.webp"
    }
}, {
    "model": "products.product",
    "pk": 54,
    "fields": {
        "category": 8,
        "name": "adidas Badge of Sport 3-Stripes Tracksuit",
        "description": "Match up classic adidas style with this men's Badge Of Sport 3-Stripes Tracksuit from adidas. In a Black colourway, this regular-fit set is made from smooth recycled polyester fabric. The full zip track top has a mock collar and ribbed trims, while the pants feature a drawcord-adjustable waistband and cuffed ankles. With side pockets to stash your essentials, it's finished with contrasting 3-Stripes and the Sportswear logo to the chest and leg. Machine washable. | Our model is 6'0\" with a 37\" chest and wears a size medium.",
        "has_sizes": true,
        "price": "60.00",
        "rating": "4.50",
        "image_url": "https://i8.amplience.net/i/jpl/jd_672355_b?qlt=92&w=750&h=957&v=1&fmt=auto",
        "image": "jd_672355_b.webp"
    }
}, {
    "model": "products.product",
    "pk": 55,
    "fields": {
        "category": 8,
        "name": "Fred Perry Twin Tipped Half Zip Sweatshirt",
        "description": "Refresh your layers in premium style with this men's Twin Tipped Half Zip Sweatshirt from Fred Perry. In a Sky Blue colourway, this standard fit top is cut from soft fleece fabric for total comfort. It features a half-zip fastening and long sleeves, with ribbed trims for a snug fit. Finished up with twin-tipped detailing to the cuffs, with a Laurel Wreath to the chest. Machine washable | Our model is 6'1\" with a 39\" chest and wears a size medium.",
        "has_sizes": true,
        "price": "95.00",
        "rating": "4.30",
        "image_url": "https://i8.amplience.net/i/jpl/jd_704145_a?qlt=92&w=750&h=957&v=1&fmt=auto",
        "image": "jd_704145_a.webp"
    }
}, {
    "model": "products.product",
    "pk": 56,
    "fields": {
        "category": 8,
        "name": "New Balance Polar 1/4 Zip Fleece",
        "description": "Freshen up your layers with this men's Polar 1/4 Zip Fleece from New Balance. Exclusive to JD, this standard-fit fleece is crafted with a super-soft and warm poly fabric for lasting comfort. It features a 1/4 zip fastening with a stand-up collar for personalised coverage, and has ribbed cuffs to elevate the fit. Signed off with New Balance branding to the chest. Machine washable. | Our model is 5'10\" with a 38\" chest and wears a size medium.",
        "has_sizes": true,
        "price": "70.00",
        "rating": "4.70",
        "image_url": "https://i8.amplience.net/i/jpl/jd_685962_a?qlt=92&w=750&h=957&v=1&fmt=auto",
        "image": "jd_685962_a.webp"
    }
}, {
    "model": "products.product",
    "pk": 57,
    "fields": {
        "category": 8,
        "name": "adidas Energize Overhead Hoodie",
        "description": "Bring a laidback vibe with this men's Energize Overhead Hoodie from adidas. In a Stone colourway, this JD-exclusive hoodie is cut from soft fleece fabric that partly includes recycled polyester. It features a pullover, adjustable hood for custom coverge, with ribbed trims for a secure fit and a kangaroo pouch for easy storage. Finished up with 3-Stripes to the sleeves and a Badge of Sport to the chest. Machine washable | Our model is 6'0\" with a 40\" chest and wears a size medium. | IT0208",
        "has_sizes": true,
        "price": "50.00",
        "rating": "4.50",
        "image_url": "https://i8.amplience.net/i/jpl/jd_679567_a?qlt=92&w=750&h=957&v=1&fmt=auto",
        "image": "jd_679567_a.webp"
    }
}, {
    "model": "products.product",
    "pk": 58,
    "fields": {
        "category": 8,
        "name": "Nike Air Max 1/4 Zip Fleece Hoodie",
        "description": "Pick up a street-ready layer with this men's Air Max 1/4 Zip Fleece Hoodie from Nike, exclusive to JD. In a Cool Grey colourway, this regular-fit hoodie is made with a smooth, lightweight polyester fleece for lasting comfort. Equipped with Therma-FIT tech to keep you warm on colder days, it features a quarter zip fastening with an adjustable hood. It has a large zipped pouch up front for quick and easy storage, with stretchy ribbed trims to secure the fit. Finished with signature Nike Air Maz branding throughout. Machine washable. | Our model is 6'0\" with a 37\" chest and wears a size medium.",
        "has_sizes": true,
        "price": "90.00",
        "rating": "4.40",
        "image_url": "https://i8.amplience.net/i/jpl/jd_680827_a?qlt=92&w=750&h=957&v=1&fmt=auto",
        "image": "jd_680827_a.webp"
    }
}, {
    "model": "products.product",
    "pk": 59,
    "fields": {
        "category": 8,
        "name": "Nike Core T-Shirt",
        "description": "Freshen up your staple cuts with this men's Core T-Shirt from Nike. In a Polar colourway, this regular-fit tee is made with soft, lightweight cotton for easy comfort. It features a ribbed crew neckline and short sleeves for a classic look, and is finished with an embroidered Nike logo at the chest. Machine washable. | Our model is 5'11.5\" with a 36\" chest and wears a size medium.",
        "has_sizes": true,
        "price": "23.00",
        "rating": "4.70",
        "image_url": "https://i8.amplience.net/i/jpl/jd_680942_a?qlt=92&w=750&h=957&v=1&fmt=auto",
        "image": "jd_680942_a.webp"
    }
}, {
    "model": "products.product",
    "pk": 60,
    "fields": {
        "category": 8,
        "name": "Nike Miler 1.0 T-Shirt",
        "description": "Level up your fitness 'fits with this men's Miler 1.0 T-Shirt from Nike. This tee comes in a Chile Red colourway and is cut from a lightweight and smooth poly fabric for easy wear as you train. It features sweat-wicking Dri-FIT tech for cool comfort, and a crew neckline with short sleeves for a classic look. Signed off with the Swoosh to the chest. Machine washable. | Our model is 6'0\" with a 38.5\" chest and wears a size medium.",
        "has_sizes": true,
        "price": "35.00",
        "rating": "4.40",
        "image_url": "https://i8.amplience.net/i/jpl/jd_681130_b?qlt=92&w=750&h=957&v=1&fmt=auto",
        "image": "jd_681130_b.webp"
    }
}, {
    "model": "products.product",
    "pk": 61,
    "fields": {
        "category": 11,
        "name": "Nike 3-Pack Trunks",
        "description": "Refresh your everyday staples with this men's 3-Pack Trunks from Nike. Cut from soft, lightweight fabric with added stretch for essential comfort, these slim-fit trunks come in Blue, Grey and Black colourways. Each featuring a woven elasticated waistband, they're finished up with contrasting Nike branded graphics around the waist. Machine washable. | Please note: for hygiene purposes, underwear cannot be returned.",
        "has_sizes": true,
        "price": "32.00",
        "rating": "4.20",
        "image_url": "https://i8.amplience.net/i/jpl/jd_684825_a?qlt=92&w=750&h=957&v=1&fmt=auto",
        "image": "jd_684825_a.webp"
    }
}, {
    "model": "products.product",
    "pk": 62,
    "fields": {
        "category": 18,
        "name": "adidas Badge of Sport Backpack",
        "description": "Carry your essentials wherever you go with this Badge of Sport Backpack from adidas. In a black colourway, this bag is made from durable, recycled poly fabric. It features a secure zip fastening and opens to reveal a spacious main compartment with an internal slip pocket. With a zip pocket to the front for quick-access storage, this backpack has a single grab handle and dual, adjustable backpack straps so you can carry it in comfort. It's finished with a white Badge of Sport logo stamped to the front.|HE9697",
        "has_sizes": false,
        "price": "23.00",
        "rating": "4.30",
        "image_url": "https://i8.amplience.net/i/jpl/jd_375137_a?qlt=92&w=750&h=957&v=1&fmt=auto",
        "image": "jd_375137_a.webp"
    }
}, {
    "model": "products.product",
    "pk": 63,
    "fields": {
        "category": 18,
        "name": "Nike F.C. Neck Warmer Snood",
        "description": "Block out the cold with this F.C. Neck Warmer Snood from Nike. Coming in a Black colourway, this snood is made from a soft, stretchy poly fabric that's equipped with sweat-wicking Dri-FIT tech so you can focus on your game. In a standard-fit for relaxed and comfy wear, it's signed off with the famous Swoosh to the front. Machine washable.",
        "has_sizes": false,
        "price": "18.00",
        "rating": "4.00",
        "image_url": "https://i8.amplience.net/i/jpl/jd_473448_a?qlt=92&w=750&h=957&v=1&fmt=auto",
        "image": "jd_473448_a.webp"
    }
}, {
    "model": "products.product",
    "pk": 64,
    "fields": {
        "category": 18,
        "name": "Nike Brasilia Bag",
        "description": "Keep organised with this Brasilia Bag from Nike. In a Black colourway, this bag is made from a light and durable poly fabric that uses at least 50% recycled material. It features a main zippered compartment, a zippered inner compartment to stash sweaty clothes whilst the coated bottom offers lasting wear. With a detachable shoulder strap for custom comfort, it's signed off with the Swoosh to the front. Spot clean. (H: 25.4cm x W: 25.4cm x D: 38.1cm).",
        "has_sizes": false,
        "price": "30.00",
        "rating": "4.50",
        "image_url": "https://i8.amplience.net/i/jpl/jd_601603_a?qlt=92&w=750&h=957&v=1&fmt=auto",
        "image": "jd_601603_a.webp"
    }
}, {
    "model": "products.product",
    "pk": 65,
    "fields": {
        "category": 9,
        "name": "Nike Air Max 95",
        "description": "Step to the streets in these men's Air Max 95 sneakers from Nike. In a JD-exclusive Iron Grey and Hyper Turquoise colourway, these treads have a mixed-material upper with breathable mesh, and real and synthetic leather for lasting wear. Featuring stitched panels to make the iconic wavy design, they have a secure lace closure and padding around the ankle collar for a locked-in fit. With roots in performance running, they have visible Air cushioning underfoot for unbeatable comfort, with flex grooves through the midsole for a natural feel. They have a grippy rubber outsole for traction, and are signed off with classic Swoosh branding throughout.",
        "has_sizes": true,
        "price": "175.00",
        "rating": "4.00",
        "image_url": "https://i8.amplience.net/i/jpl/jd_680546_a?qlt=92&w=750&h=531&v=1&fmt=auto",
        "image": "jd_product_list_16.webp"
    }
}, {
    "model": "products.product",
    "pk": 66,
    "fields": {
        "category": 9,
        "name": "adidas Originals AS 520",
        "description": "'80s style gets a modern update with these men's AS 520 trainers from adidas Originals. In a Core Black colourway with Off White accents, these JD-exclusive kicks have a premium suede and leather upper. They feature a synthetic lining, while the streamlined foam midsole delivers lightweight cushioning. With a Trefoil tread for retro-inspired grip, these trainers are finished off with the 3-Stripes to the sidewalls.",
        "has_sizes": true,
        "price": "85.00",
        "rating": "4.50",
        "image_url": "https://i8.amplience.net/i/jpl/jd_679709_a?qlt=92&w=750&h=531&v=1&fmt=auto",
        "image": "jd_product_list_17.webp"
    }
}, {
    "model": "products.product",
    "pk": 67,
    "fields": {
        "category": 14,
        "name": "Nike Air Max Track Pants",
        "description": "Keep your street-style on point with these men's Air Max Track Pants from Nike. In a Cool Grey colourway, these standard fit pants are cut from smooth polyester fabric for total comfort. They feature an elasticated, drawcord waistband for a relaxed fit, with ribbed cuffs for a snug feel and zip-up side pockets for secure storage. They're equipped with Therma-FIT tech to keep you toasty on chilly days and are finished up with classic Air Max branding to the leg. Machine washable | Our model wears a size medium.",
        "has_sizes": true,
        "price": "75.00",
        "rating": "4.00",
        "image_url": "https://i8.amplience.net/i/jpl/jd_680828_a?qlt=92&w=750&h=957&v=1&fmt=auto",
        "image": "jd_680828_a.webp"
    }
}, {
    "model": "products.product",
    "pk": 68,
    "fields": {
        "category": 14,
        "name": "HUGO Erato Overshirt",
        "description": "Freshen up your weekend essentials with this men's Erato Overshirt from HUGO. In a Black colourway, this standard-fit shirt is made with soft, durable cotton twill for lasting comfort. It features a full-length button-down fastening with a flat spread collar, and long sleeves with buttoned cuffs to secure the fit. It has a classic curved hem, and two chest pockets for easy storage. Signed off with the iconic HUGO Red patch at the chest. Machine washable. | Our model is 6'1\" with a 39\" chest and wears a size medium.",
        "has_sizes": true,
        "price": "99.00",
        "rating": "4.10",
        "image_url": "https://i8.amplience.net/i/jpl/jd_683132_a?qlt=92&w=750&h=957&v=1&fmt=auto",
        "image": "jd_683132_a.webp"
    }
}, {
    "model": "products.product",
    "pk": 69,
    "fields": {
        "category": 3,
        "name": "Nike Just Do It Fuel Jug 64oz",
        "description": "From long runs to big gym sessions, stay hydrated with this Just Do It Fuel Jug 64oz from Nike. In a black colourway, this large bottle is made from lightweight yet durable plastic and has an adjustable handle for easy carry to and from training. It features space to write your name, as well as textured hand grips for a comfy fit. With a simple cap top that shuts securely when not in use, this bottle is finished off with contrasting 'Just Do It' branding to the side.",
        "has_sizes": false,
        "price": "34.00",
        "rating": "4.50",
        "image_url": "https://i8.amplience.net/i/jpl/jd_514953_a?qlt=92&w=750&h=957&v=1&fmt=auto",
        "image": "jd_514953_a.webp"
    }
}, {
    "model": "products.product",
    "pk": 70,
    "fields": {
        "category": 3,
        "name": "Nike Big Mouth Water Bottle 22oz",
        "description": "Hold more water in this Nike Big Mouth Water Bottle 22oz. Built with a durable pink plastic construction which features squeezable design with push-pull spout for easy drinking. Not just easy to use, but also easy to wash in a dishwasher. Finished with a white Swoosh.",
        "has_sizes": false,
        "price": "9.00",
        "rating": "4.30",
        "image_url": "https://i8.amplience.net/i/jpl/jd_390966_a?qlt=92&w=750&h=957&v=1&fmt=auto",
        "image": "jd_390966_a.webp"
    }
}, {
    "model": "products.product",
    "pk": 71,
    "fields": {
        "category": 18,
        "name": "adidas Manchester United FC 2023 Water Bottle",
        "description": "Stay hydrated on the pitch with this Manchester United FC 2023 Water Bottle from adidas. In a Black colourway, this 750ml bottle is made from dishwasher-safe polyethylene, with an ergonomic design for a comfy feel in the hand. Featuring a pull spout and screw cap for easy refills, this bottle is finished off with contrasting adidas branding and the United crest.",
        "has_sizes": false,
        "price": "10.00",
        "rating": "4.30",
        "image_url": "https://i8.amplience.net/i/jpl/jd_656573_a?qlt=92&w=750&h=957&v=1&fmt=auto",
        "image": "jd_656573_a.webp"
    }
}, {
    "model": "products.product",
    "pk": 72,
    "fields": {
        "category": 18,
        "name": "adidas Hybrid 100 Boxing Gloves",
        "description": "Make sure you're getting peak performance when you step through the ropes with these Hybrid 100 Boxing Gloves from adidas. In a red colourway with white and black accents, these boxing gloves are made with durable poly and padded foam for essential cushioning. Coming with a Velcro strap for a locked-in fit, these boxing gloves are finished with white adidas branding to the back for the hands.",
        "has_sizes": true,
        "price": "40.00",
        "rating": "4.80",
        "image_url": "https://i8.amplience.net/i/jpl/jd_082679_a?qlt=92&w=750&h=957&v=1&fmt=auto",
        "image": "jd_082679_a.webp"
    }
}, {
    "model": "products.product",
    "pk": 73,
    "fields": {
        "category": 18,
        "name": "adidas Real Madrid CF 2023 Water Bottle",
        "description": "Stay hydrated as you train with this Real Madrid CF 2023 Water Bottle from adidas. In a White colourway, this bottle is made from durable polyethylene and can hold up to 750ml of water. It features a twist cap for easy refill, with a pull-up spout to drink from. Finished up with the Real Madrid crest and Badge of Sport logo.",
        "has_sizes": false,
        "price": "9.00",
        "rating": "4.50",
        "image_url": "https://i8.amplience.net/i/jpl/jd_656577_a?qlt=92&w=750&h=957&v=1&fmt=auto",
        "image": "jd_656577_a.webp"
    }
}, {
    "model": "products.product",
    "pk": 74,
    "fields": {
        "category": 15,
        "name": "Nike Academy Tracksuit",
        "description": "Suit up in style with a set designed for warming up and looking cool. The zip-up jacket and adjustable trousers allow for versatile styling. This product is made from 100% recycled polyester fibres.",
        "has_sizes": true,
        "price": "73.00",
        "rating": "4.40",
        "image_url": "https://i8.amplience.net/i/jpl/jd_681319_a?qlt=92&w=750&h=957&v=1&fmt=auto",
        "image": "jd_681319_a.webp"
    }
}, {
    "model": "products.product",
    "pk": 75,
    "fields": {
        "category": 15,
        "name": "adidas 3-Stripes Essential Tracksuit",
        "description": "Freshen up your laidback 'fits with this women's 3-Stripes Essential Tracksuit from adidas. In a Better Scarlet colourway, this slim-fit set is made with smooth recycled poly fabric for lasting comfort. It features a long-sleeve track top with a full-zip fastening and a ribbed bomber collar for a classic look. The matching track pants have an elasticated waistband with a drawcord, while stretchy ribbed trims throughout secure the fit. With zipped pockets for quick storage, it's signed off with adidas' iconic 3-Stripes down the sides and signature Badge of Sport branding. Machine washable. | Our model is 5'10\" and wears a size small.",
        "has_sizes": true,
        "price": "55.00",
        "rating": "4.20",
        "image_url": "https://i8.amplience.net/i/jpl/jd_665000_a?qlt=92&w=750&h=957&v=1&fmt=auto",
        "image": "jd_665000_a.webp"
    }
}]